condition,category,screen,rep,wall_clock_s,success
screenshot_png,Screenshot,home,0,0.818501,True
screenshot_png,Screenshot,home,1,0.823706,True
screenshot_png,Screenshot,home,2,0.8277,True
screenshot_png,Screenshot,home,3,0.871838,True
screenshot_png,Screenshot,home,4,0.86399,True
screenshot_png,Screenshot,home,5,0.817364,True
screenshot_png,Screenshot,home,6,0.816311,True
screenshot_png,Screenshot,home,7,0.825897,True
screenshot_png,Screenshot,home,8,0.827977,True
screenshot_png,Screenshot,home,9,0.820334,True
screenshot_png,Screenshot,home,10,0.834416,True
screenshot_png,Screenshot,home,11,0.822067,True
screenshot_png,Screenshot,home,12,0.825272,True
screenshot_png,Screenshot,home,13,0.825952,True
screenshot_png,Screenshot,home,14,0.838458,True
screenshot_png,Screenshot,home,15,0.828655,True
screenshot_png,Screenshot,home,16,0.828901,True
screenshot_png,Screenshot,home,17,0.827317,True
screenshot_png,Screenshot,home,18,0.818632,True
screenshot_png,Screenshot,home,19,0.818904,True
screenshot_png,Screenshot,home,20,0.819387,True
screenshot_png,Screenshot,home,21,0.824375,True
screenshot_png,Screenshot,home,22,0.817233,True
screenshot_png,Screenshot,home,23,0.819073,True
screenshot_png,Screenshot,home,24,0.861697,True
screenshot_png,Screenshot,home,25,0.819998,True
screenshot_png,Screenshot,home,26,0.859819,True
screenshot_png,Screenshot,home,27,0.822677,True
screenshot_png,Screenshot,home,28,0.813831,True
screenshot_png,Screenshot,home,29,0.863345,True
screenshot_png,Screenshot,home,30,0.822188,True
screenshot_png,Screenshot,home,31,0.865642,True
screenshot_png,Screenshot,home,32,0.830846,True
screenshot_png,Screenshot,home,33,0.821627,True
screenshot_png,Screenshot,home,34,0.822276,True
screenshot_png,Screenshot,home,35,0.81456,True
screenshot_png,Screenshot,home,36,0.82007,True
screenshot_png,Screenshot,home,37,0.86606,True
screenshot_png,Screenshot,home,38,0.817413,True
screenshot_png,Screenshot,home,39,0.822553,True
screenshot_png,Screenshot,home,40,0.823684,True
screenshot_png,Screenshot,home,41,0.819804,True
screenshot_png,Screenshot,home,42,0.864096,True
screenshot_png,Screenshot,home,43,0.821841,True
screenshot_png,Screenshot,home,44,0.823216,True
screenshot_png,Screenshot,home,45,0.818179,True
screenshot_png,Screenshot,home,46,0.824321,True
screenshot_png,Screenshot,home,47,0.816933,True
screenshot_png,Screenshot,home,48,0.822669,True
screenshot_png,Screenshot,home,49,0.818211,True
screenshot_png,Screenshot,home,50,0.821321,True
screenshot_png,Screenshot,home,51,0.817364,True
screenshot_png,Screenshot,home,52,0.830458,True
screenshot_png,Screenshot,home,53,0.823546,True
screenshot_png,Screenshot,home,54,0.860916,True
screenshot_png,Screenshot,home,55,0.824784,True
screenshot_png,Screenshot,home,56,0.816999,True
screenshot_png,Screenshot,home,57,0.814642,True
screenshot_png,Screenshot,home,58,0.862354,True
screenshot_png,Screenshot,home,59,0.813611,True
screenshot_png,Screenshot,home,60,0.810572,True
screenshot_png,Screenshot,home,61,0.814569,True
screenshot_png,Screenshot,home,62,0.81969,True
screenshot_png,Screenshot,home,63,0.818694,True
screenshot_png,Screenshot,home,64,0.816607,True
screenshot_png,Screenshot,home,65,0.824991,True
screenshot_png,Screenshot,home,66,0.817651,True
screenshot_png,Screenshot,home,67,0.817689,True
screenshot_png,Screenshot,home,68,0.819692,True
screenshot_png,Screenshot,home,69,0.862122,True
screenshot_png,Screenshot,home,70,0.826022,True
screenshot_png,Screenshot,home,71,0.823525,True
screenshot_png,Screenshot,home,72,0.816611,True
screenshot_png,Screenshot,home,73,0.812385,True
screenshot_png,Screenshot,home,74,0.818919,True
screenshot_png,Screenshot,home,75,0.82151,True
screenshot_png,Screenshot,home,76,0.822573,True
screenshot_png,Screenshot,home,77,0.853783,True
screenshot_png,Screenshot,home,78,0.820284,True
screenshot_png,Screenshot,home,79,0.816738,True
screenshot_png,Screenshot,home,80,0.816551,True
screenshot_png,Screenshot,home,81,0.819309,True
screenshot_png,Screenshot,home,82,0.820334,True
screenshot_png,Screenshot,home,83,0.819784,True
screenshot_png,Screenshot,home,84,0.821856,True
screenshot_png,Screenshot,home,85,0.814381,True
screenshot_png,Screenshot,home,86,0.814663,True
screenshot_png,Screenshot,home,87,0.863301,True
screenshot_png,Screenshot,home,88,0.859746,True
screenshot_png,Screenshot,home,89,0.82187,True
screenshot_png,Screenshot,home,90,0.866066,True
screenshot_png,Screenshot,home,91,0.855949,True
screenshot_png,Screenshot,home,92,0.819598,True
screenshot_png,Screenshot,home,93,0.818419,True
screenshot_png,Screenshot,home,94,0.817837,True
screenshot_png,Screenshot,home,95,0.818187,True
screenshot_png,Screenshot,home,96,0.861394,True
screenshot_png,Screenshot,home,97,0.818754,True
screenshot_png,Screenshot,home,98,0.815998,True
screenshot_png,Screenshot,home,99,0.82452,True
screenshot_png,Screenshot,settings_main,0,0.221692,True
screenshot_png,Screenshot,settings_main,1,0.218949,True
screenshot_png,Screenshot,settings_main,2,0.256733,True
screenshot_png,Screenshot,settings_main,3,0.259929,True
screenshot_png,Screenshot,settings_main,4,0.214317,True
screenshot_png,Screenshot,settings_main,5,0.219609,True
screenshot_png,Screenshot,settings_main,6,0.215282,True
screenshot_png,Screenshot,settings_main,7,0.214079,True
screenshot_png,Screenshot,settings_main,8,0.256291,True
screenshot_png,Screenshot,settings_main,9,0.214831,True
screenshot_png,Screenshot,settings_main,10,0.214549,True
screenshot_png,Screenshot,settings_main,11,0.214328,True
screenshot_png,Screenshot,settings_main,12,0.214367,True
screenshot_png,Screenshot,settings_main,13,0.216857,True
screenshot_png,Screenshot,settings_main,14,0.213495,True
screenshot_png,Screenshot,settings_main,15,0.216883,True
screenshot_png,Screenshot,settings_main,16,0.213888,True
screenshot_png,Screenshot,settings_main,17,0.220265,True
screenshot_png,Screenshot,settings_main,18,0.214513,True
screenshot_png,Screenshot,settings_main,19,0.216379,True
screenshot_png,Screenshot,settings_main,20,0.256673,True
screenshot_png,Screenshot,settings_main,21,0.255838,True
screenshot_png,Screenshot,settings_main,22,0.214048,True
screenshot_png,Screenshot,settings_main,23,0.217184,True
screenshot_png,Screenshot,settings_main,24,0.212614,True
screenshot_png,Screenshot,settings_main,25,0.215655,True
screenshot_png,Screenshot,settings_main,26,0.256031,True
screenshot_png,Screenshot,settings_main,27,0.215116,True
screenshot_png,Screenshot,settings_main,28,0.21427,True
screenshot_png,Screenshot,settings_main,29,0.254293,True
screenshot_png,Screenshot,settings_main,30,0.213895,True
screenshot_png,Screenshot,settings_main,31,0.215242,True
screenshot_png,Screenshot,settings_main,32,0.214042,True
screenshot_png,Screenshot,settings_main,33,0.214998,True
screenshot_png,Screenshot,settings_main,34,0.214599,True
screenshot_png,Screenshot,settings_main,35,0.213148,True
screenshot_png,Screenshot,settings_main,36,0.218508,True
screenshot_png,Screenshot,settings_main,37,0.253898,True
screenshot_png,Screenshot,settings_main,38,0.212707,True
screenshot_png,Screenshot,settings_main,39,0.213241,True
screenshot_png,Screenshot,settings_main,40,0.214889,True
screenshot_png,Screenshot,settings_main,41,0.212659,True
screenshot_png,Screenshot,settings_main,42,0.21442,True
screenshot_png,Screenshot,settings_main,43,0.256642,True
screenshot_png,Screenshot,settings_main,44,0.213039,True
screenshot_png,Screenshot,settings_main,45,0.213552,True
screenshot_png,Screenshot,settings_main,46,0.215315,True
screenshot_png,Screenshot,settings_main,47,0.253843,True
screenshot_png,Screenshot,settings_main,48,0.215506,True
screenshot_png,Screenshot,settings_main,49,0.214934,True
screenshot_png,Screenshot,settings_main,50,0.215819,True
screenshot_png,Screenshot,settings_main,51,0.213023,True
screenshot_png,Screenshot,settings_main,52,0.260131,True
screenshot_png,Screenshot,settings_main,53,0.213483,True
screenshot_png,Screenshot,settings_main,54,0.278476,True
screenshot_png,Screenshot,settings_main,55,0.218901,True
screenshot_png,Screenshot,settings_main,56,0.212478,True
screenshot_png,Screenshot,settings_main,57,0.231256,True
screenshot_png,Screenshot,settings_main,58,0.213133,True
screenshot_png,Screenshot,settings_main,59,0.215465,True
screenshot_png,Screenshot,settings_main,60,0.21177,True
screenshot_png,Screenshot,settings_main,61,0.226954,True
screenshot_png,Screenshot,settings_main,62,0.21392,True
screenshot_png,Screenshot,settings_main,63,0.211549,True
screenshot_png,Screenshot,settings_main,64,0.214448,True
screenshot_png,Screenshot,settings_main,65,0.215768,True
screenshot_png,Screenshot,settings_main,66,0.211204,True
screenshot_png,Screenshot,settings_main,67,0.261926,True
screenshot_png,Screenshot,settings_main,68,0.259997,True
screenshot_png,Screenshot,settings_main,69,0.212823,True
screenshot_png,Screenshot,settings_main,70,0.215481,True
screenshot_png,Screenshot,settings_main,71,0.21828,True
screenshot_png,Screenshot,settings_main,72,0.211822,True
screenshot_png,Screenshot,settings_main,73,0.213059,True
screenshot_png,Screenshot,settings_main,74,0.212349,True
screenshot_png,Screenshot,settings_main,75,0.214469,True
screenshot_png,Screenshot,settings_main,76,0.214897,True
screenshot_png,Screenshot,settings_main,77,0.214741,True
screenshot_png,Screenshot,settings_main,78,0.259081,True
screenshot_png,Screenshot,settings_main,79,0.212655,True
screenshot_png,Screenshot,settings_main,80,0.23555,True
screenshot_png,Screenshot,settings_main,81,0.21253,True
screenshot_png,Screenshot,settings_main,82,0.216136,True
screenshot_png,Screenshot,settings_main,83,0.212265,True
screenshot_png,Screenshot,settings_main,84,0.216908,True
screenshot_png,Screenshot,settings_main,85,0.214576,True
screenshot_png,Screenshot,settings_main,86,0.214874,True
screenshot_png,Screenshot,settings_main,87,0.263766,True
screenshot_png,Screenshot,settings_main,88,0.260017,True
screenshot_png,Screenshot,settings_main,89,0.214941,True
screenshot_png,Screenshot,settings_main,90,0.215173,True
screenshot_png,Screenshot,settings_main,91,0.257469,True
screenshot_png,Screenshot,settings_main,92,0.216873,True
screenshot_png,Screenshot,settings_main,93,0.21374,True
screenshot_png,Screenshot,settings_main,94,0.21631,True
screenshot_png,Screenshot,settings_main,95,0.215627,True
screenshot_png,Screenshot,settings_main,96,0.215789,True
screenshot_png,Screenshot,settings_main,97,0.214693,True
screenshot_png,Screenshot,settings_main,98,0.228257,True
screenshot_png,Screenshot,settings_main,99,0.213801,True
screenshot_png,Screenshot,clock,0,0.208276,True
screenshot_png,Screenshot,clock,1,0.210354,True
screenshot_png,Screenshot,clock,2,0.215865,True
screenshot_png,Screenshot,clock,3,0.224465,True
screenshot_png,Screenshot,clock,4,0.209144,True
screenshot_png,Screenshot,clock,5,0.213123,True
screenshot_png,Screenshot,clock,6,0.209238,True
screenshot_png,Screenshot,clock,7,0.210366,True
screenshot_png,Screenshot,clock,8,0.210398,True
screenshot_png,Screenshot,clock,9,0.210755,True
screenshot_png,Screenshot,clock,10,0.212889,True
screenshot_png,Screenshot,clock,11,0.212826,True
screenshot_png,Screenshot,clock,12,0.210744,True
screenshot_png,Screenshot,clock,13,0.212735,True
screenshot_png,Screenshot,clock,14,0.209952,True
screenshot_png,Screenshot,clock,15,0.214836,True
screenshot_png,Screenshot,clock,16,0.208548,True
screenshot_png,Screenshot,clock,17,0.210097,True
screenshot_png,Screenshot,clock,18,0.213184,True
screenshot_png,Screenshot,clock,19,0.211148,True
screenshot_png,Screenshot,clock,20,0.213314,True
screenshot_png,Screenshot,clock,21,0.212585,True
screenshot_png,Screenshot,clock,22,0.207337,True
screenshot_png,Screenshot,clock,23,0.212555,True
screenshot_png,Screenshot,clock,24,0.211267,True
screenshot_png,Screenshot,clock,25,0.212255,True
screenshot_png,Screenshot,clock,26,0.212063,True
screenshot_png,Screenshot,clock,27,0.214231,True
screenshot_png,Screenshot,clock,28,0.211688,True
screenshot_png,Screenshot,clock,29,0.210992,True
screenshot_png,Screenshot,clock,30,0.210625,True
screenshot_png,Screenshot,clock,31,0.213116,True
screenshot_png,Screenshot,clock,32,0.211036,True
screenshot_png,Screenshot,clock,33,0.208412,True
screenshot_png,Screenshot,clock,34,0.209498,True
screenshot_png,Screenshot,clock,35,0.213118,True
screenshot_png,Screenshot,clock,36,0.212763,True
screenshot_png,Screenshot,clock,37,0.20943,True
screenshot_png,Screenshot,clock,38,0.209581,True
screenshot_png,Screenshot,clock,39,0.21623,True
screenshot_png,Screenshot,clock,40,0.208561,True
screenshot_png,Screenshot,clock,41,0.213112,True
screenshot_png,Screenshot,clock,42,0.213369,True
screenshot_png,Screenshot,clock,43,0.21523,True
screenshot_png,Screenshot,clock,44,0.21443,True
screenshot_png,Screenshot,clock,45,0.210442,True
screenshot_png,Screenshot,clock,46,0.209725,True
screenshot_png,Screenshot,clock,47,0.208519,True
screenshot_png,Screenshot,clock,48,0.208756,True
screenshot_png,Screenshot,clock,49,0.212708,True
screenshot_png,Screenshot,clock,50,0.211576,True
screenshot_png,Screenshot,clock,51,0.21011,True
screenshot_png,Screenshot,clock,52,0.211906,True
screenshot_png,Screenshot,clock,53,0.217832,True
screenshot_png,Screenshot,clock,54,0.211573,True
screenshot_png,Screenshot,clock,55,0.21158,True
screenshot_png,Screenshot,clock,56,0.213531,True
screenshot_png,Screenshot,clock,57,0.209127,True
screenshot_png,Screenshot,clock,58,0.21297,True
screenshot_png,Screenshot,clock,59,0.21127,True
screenshot_png,Screenshot,clock,60,0.208714,True
screenshot_png,Screenshot,clock,61,0.20923,True
screenshot_png,Screenshot,clock,62,0.212113,True
screenshot_png,Screenshot,clock,63,0.210523,True
screenshot_png,Screenshot,clock,64,0.209516,True
screenshot_png,Screenshot,clock,65,0.208176,True
screenshot_png,Screenshot,clock,66,0.211269,True
screenshot_png,Screenshot,clock,67,0.211505,True
screenshot_png,Screenshot,clock,68,0.212493,True
screenshot_png,Screenshot,clock,69,0.210477,True
screenshot_png,Screenshot,clock,70,0.209076,True
screenshot_png,Screenshot,clock,71,0.210272,True
screenshot_png,Screenshot,clock,72,0.210869,True
screenshot_png,Screenshot,clock,73,0.211194,True
screenshot_png,Screenshot,clock,74,0.211536,True
screenshot_png,Screenshot,clock,75,0.209826,True
screenshot_png,Screenshot,clock,76,0.214671,True
screenshot_png,Screenshot,clock,77,0.211287,True
screenshot_png,Screenshot,clock,78,0.210142,True
screenshot_png,Screenshot,clock,79,0.211933,True
screenshot_png,Screenshot,clock,80,0.211215,True
screenshot_png,Screenshot,clock,81,0.210179,True
screenshot_png,Screenshot,clock,82,0.212692,True
screenshot_png,Screenshot,clock,83,0.212328,True
screenshot_png,Screenshot,clock,84,0.209655,True
screenshot_png,Screenshot,clock,85,0.214508,True
screenshot_png,Screenshot,clock,86,0.2122,True
screenshot_png,Screenshot,clock,87,0.233504,True
screenshot_png,Screenshot,clock,88,0.21085,True
screenshot_png,Screenshot,clock,89,0.208799,True
screenshot_png,Screenshot,clock,90,0.215174,True
screenshot_png,Screenshot,clock,91,0.21025,True
screenshot_png,Screenshot,clock,92,0.216396,True
screenshot_png,Screenshot,clock,93,0.21435,True
screenshot_png,Screenshot,clock,94,0.214621,True
screenshot_png,Screenshot,clock,95,0.213216,True
screenshot_png,Screenshot,clock,96,0.211132,True
screenshot_png,Screenshot,clock,97,0.210981,True
screenshot_png,Screenshot,clock,98,0.212559,True
screenshot_png,Screenshot,clock,99,0.21002,True
screenshot_raw,Screenshot,home,0,0.198313,True
screenshot_raw,Screenshot,home,1,0.196463,True
screenshot_raw,Screenshot,home,2,0.197156,True
screenshot_raw,Screenshot,home,3,0.19842,True
screenshot_raw,Screenshot,home,4,0.200307,True
screenshot_raw,Screenshot,home,5,0.209562,True
screenshot_raw,Screenshot,home,6,0.198139,True
screenshot_raw,Screenshot,home,7,0.198812,True
screenshot_raw,Screenshot,home,8,0.204697,True
screenshot_raw,Screenshot,home,9,0.257371,True
screenshot_raw,Screenshot,home,10,0.212607,True
screenshot_raw,Screenshot,home,11,0.214606,True
screenshot_raw,Screenshot,home,12,0.248621,True
screenshot_raw,Screenshot,home,13,0.202393,True
screenshot_raw,Screenshot,home,14,0.207725,True
screenshot_raw,Screenshot,home,15,0.200479,True
screenshot_raw,Screenshot,home,16,0.200013,True
screenshot_raw,Screenshot,home,17,0.20016,True
screenshot_raw,Screenshot,home,18,0.202092,True
screenshot_raw,Screenshot,home,19,0.196527,True
screenshot_raw,Screenshot,home,20,0.200362,True
screenshot_raw,Screenshot,home,21,0.196552,True
screenshot_raw,Screenshot,home,22,0.202397,True
screenshot_raw,Screenshot,home,23,0.198039,True
screenshot_raw,Screenshot,home,24,0.200417,True
screenshot_raw,Screenshot,home,25,0.200569,True
screenshot_raw,Screenshot,home,26,0.201432,True
screenshot_raw,Screenshot,home,27,0.198815,True
screenshot_raw,Screenshot,home,28,0.200929,True
screenshot_raw,Screenshot,home,29,0.201722,True
screenshot_raw,Screenshot,home,30,0.19881,True
screenshot_raw,Screenshot,home,31,0.198977,True
screenshot_raw,Screenshot,home,32,0.201171,True
screenshot_raw,Screenshot,home,33,0.200993,True
screenshot_raw,Screenshot,home,34,0.243369,True
screenshot_raw,Screenshot,home,35,0.196482,True
screenshot_raw,Screenshot,home,36,0.199221,True
screenshot_raw,Screenshot,home,37,0.201548,True
screenshot_raw,Screenshot,home,38,0.203734,True
screenshot_raw,Screenshot,home,39,0.198509,True
screenshot_raw,Screenshot,home,40,0.201809,True
screenshot_raw,Screenshot,home,41,0.202758,True
screenshot_raw,Screenshot,home,42,0.201453,True
screenshot_raw,Screenshot,home,43,0.201324,True
screenshot_raw,Screenshot,home,44,0.196011,True
screenshot_raw,Screenshot,home,45,0.198687,True
screenshot_raw,Screenshot,home,46,0.199915,True
screenshot_raw,Screenshot,home,47,0.197026,True
screenshot_raw,Screenshot,home,48,0.200808,True
screenshot_raw,Screenshot,home,49,0.20045,True
screenshot_raw,Screenshot,home,50,0.243059,True
screenshot_raw,Screenshot,home,51,0.201581,True
screenshot_raw,Screenshot,home,52,0.201485,True
screenshot_raw,Screenshot,home,53,0.200721,True
screenshot_raw,Screenshot,home,54,0.197712,True
screenshot_raw,Screenshot,home,55,0.215878,True
screenshot_raw,Screenshot,home,56,0.200989,True
screenshot_raw,Screenshot,home,57,0.198877,True
screenshot_raw,Screenshot,home,58,0.196949,True
screenshot_raw,Screenshot,home,59,0.206236,True
screenshot_raw,Screenshot,home,60,0.201915,True
screenshot_raw,Screenshot,home,61,0.196925,True
screenshot_raw,Screenshot,home,62,0.203036,True
screenshot_raw,Screenshot,home,63,0.200033,True
screenshot_raw,Screenshot,home,64,0.203802,True
screenshot_raw,Screenshot,home,65,0.199036,True
screenshot_raw,Screenshot,home,66,0.197851,True
screenshot_raw,Screenshot,home,67,0.200583,True
screenshot_raw,Screenshot,home,68,0.204546,True
screenshot_raw,Screenshot,home,69,0.237917,True
screenshot_raw,Screenshot,home,70,0.239999,True
screenshot_raw,Screenshot,home,71,0.235661,True
screenshot_raw,Screenshot,home,72,0.235458,True
screenshot_raw,Screenshot,home,73,0.26859,True
screenshot_raw,Screenshot,home,74,0.209224,True
screenshot_raw,Screenshot,home,75,0.206089,True
screenshot_raw,Screenshot,home,76,0.200045,True
screenshot_raw,Screenshot,home,77,0.213397,True
screenshot_raw,Screenshot,home,78,0.19888,True
screenshot_raw,Screenshot,home,79,0.201547,True
screenshot_raw,Screenshot,home,80,0.198892,True
screenshot_raw,Screenshot,home,81,0.24724,True
screenshot_raw,Screenshot,home,82,0.203449,True
screenshot_raw,Screenshot,home,83,0.19915,True
screenshot_raw,Screenshot,home,84,0.203489,True
screenshot_raw,Screenshot,home,85,0.203238,True
screenshot_raw,Screenshot,home,86,0.200332,True
screenshot_raw,Screenshot,home,87,0.200272,True
screenshot_raw,Screenshot,home,88,0.203418,True
screenshot_raw,Screenshot,home,89,0.202763,True
screenshot_raw,Screenshot,home,90,0.198843,True
screenshot_raw,Screenshot,home,91,0.202122,True
screenshot_raw,Screenshot,home,92,0.208386,True
screenshot_raw,Screenshot,home,93,0.200291,True
screenshot_raw,Screenshot,home,94,0.201681,True
screenshot_raw,Screenshot,home,95,0.20507,True
screenshot_raw,Screenshot,home,96,0.212303,True
screenshot_raw,Screenshot,home,97,0.201388,True
screenshot_raw,Screenshot,home,98,0.207138,True
screenshot_raw,Screenshot,home,99,0.200743,True
screenshot_raw,Screenshot,settings_main,0,0.220564,True
screenshot_raw,Screenshot,settings_main,1,0.209576,True
screenshot_raw,Screenshot,settings_main,2,0.202147,True
screenshot_raw,Screenshot,settings_main,3,0.207171,True
screenshot_raw,Screenshot,settings_main,4,0.215654,True
screenshot_raw,Screenshot,settings_main,5,0.210173,True
screenshot_raw,Screenshot,settings_main,6,0.211018,True
screenshot_raw,Screenshot,settings_main,7,0.21827,True
screenshot_raw,Screenshot,settings_main,8,0.23163,True
screenshot_raw,Screenshot,settings_main,9,0.219518,True
screenshot_raw,Screenshot,settings_main,10,0.234886,True
screenshot_raw,Screenshot,settings_main,11,0.215304,True
screenshot_raw,Screenshot,settings_main,12,0.212028,True
screenshot_raw,Screenshot,settings_main,13,0.209693,True
screenshot_raw,Screenshot,settings_main,14,0.211475,True
screenshot_raw,Screenshot,settings_main,15,0.212784,True
screenshot_raw,Screenshot,settings_main,16,0.248727,True
screenshot_raw,Screenshot,settings_main,17,0.203807,True
screenshot_raw,Screenshot,settings_main,18,0.208235,True
screenshot_raw,Screenshot,settings_main,19,0.212245,True
screenshot_raw,Screenshot,settings_main,20,0.202969,True
screenshot_raw,Screenshot,settings_main,21,0.202129,True
screenshot_raw,Screenshot,settings_main,22,0.205221,True
screenshot_raw,Screenshot,settings_main,23,0.204119,True
screenshot_raw,Screenshot,settings_main,24,0.206667,True
screenshot_raw,Screenshot,settings_main,25,0.203981,True
screenshot_raw,Screenshot,settings_main,26,0.217713,True
screenshot_raw,Screenshot,settings_main,27,0.226495,True
screenshot_raw,Screenshot,settings_main,28,0.20685,True
screenshot_raw,Screenshot,settings_main,29,0.206673,True
screenshot_raw,Screenshot,settings_main,30,0.199673,True
screenshot_raw,Screenshot,settings_main,31,0.198663,True
screenshot_raw,Screenshot,settings_main,32,0.240948,True
screenshot_raw,Screenshot,settings_main,33,0.202049,True
screenshot_raw,Screenshot,settings_main,34,0.19981,True
screenshot_raw,Screenshot,settings_main,35,0.199076,True
screenshot_raw,Screenshot,settings_main,36,0.197737,True
screenshot_raw,Screenshot,settings_main,37,0.208635,True
screenshot_raw,Screenshot,settings_main,38,0.248372,True
screenshot_raw,Screenshot,settings_main,39,0.25192,True
screenshot_raw,Screenshot,settings_main,40,0.202823,True
screenshot_raw,Screenshot,settings_main,41,0.200895,True
screenshot_raw,Screenshot,settings_main,42,0.203675,True
screenshot_raw,Screenshot,settings_main,43,0.202987,True
screenshot_raw,Screenshot,settings_main,44,0.203194,True
screenshot_raw,Screenshot,settings_main,45,0.209224,True
screenshot_raw,Screenshot,settings_main,46,0.202503,True
screenshot_raw,Screenshot,settings_main,47,0.206245,True
screenshot_raw,Screenshot,settings_main,48,0.207925,True
screenshot_raw,Screenshot,settings_main,49,0.199782,True
screenshot_raw,Screenshot,settings_main,50,0.203157,True
screenshot_raw,Screenshot,settings_main,51,0.198168,True
screenshot_raw,Screenshot,settings_main,52,0.203031,True
screenshot_raw,Screenshot,settings_main,53,0.203615,True
screenshot_raw,Screenshot,settings_main,54,0.197645,True
screenshot_raw,Screenshot,settings_main,55,0.20101,True
screenshot_raw,Screenshot,settings_main,56,0.240388,True
screenshot_raw,Screenshot,settings_main,57,0.243873,True
screenshot_raw,Screenshot,settings_main,58,0.201817,True
screenshot_raw,Screenshot,settings_main,59,0.200705,True
screenshot_raw,Screenshot,settings_main,60,0.201781,True
screenshot_raw,Screenshot,settings_main,61,0.202605,True
screenshot_raw,Screenshot,settings_main,62,0.248783,True
screenshot_raw,Screenshot,settings_main,63,0.24791,True
screenshot_raw,Screenshot,settings_main,64,0.198082,True
screenshot_raw,Screenshot,settings_main,65,0.197646,True
screenshot_raw,Screenshot,settings_main,66,0.201493,True
screenshot_raw,Screenshot,settings_main,67,0.20018,True
screenshot_raw,Screenshot,settings_main,68,0.198673,True
screenshot_raw,Screenshot,settings_main,69,0.247351,True
screenshot_raw,Screenshot,settings_main,70,0.200861,True
screenshot_raw,Screenshot,settings_main,71,0.203698,True
screenshot_raw,Screenshot,settings_main,72,0.200341,True
screenshot_raw,Screenshot,settings_main,73,0.19914,True
screenshot_raw,Screenshot,settings_main,74,0.198083,True
screenshot_raw,Screenshot,settings_main,75,0.198411,True
screenshot_raw,Screenshot,settings_main,76,0.20006,True
screenshot_raw,Screenshot,settings_main,77,0.198347,True
screenshot_raw,Screenshot,settings_main,78,0.197832,True
screenshot_raw,Screenshot,settings_main,79,0.198661,True
screenshot_raw,Screenshot,settings_main,80,0.215055,True
screenshot_raw,Screenshot,settings_main,81,0.201568,True
screenshot_raw,Screenshot,settings_main,82,0.198739,True
screenshot_raw,Screenshot,settings_main,83,0.200874,True
screenshot_raw,Screenshot,settings_main,84,0.200013,True
screenshot_raw,Screenshot,settings_main,85,0.198239,True
screenshot_raw,Screenshot,settings_main,86,0.20191,True
screenshot_raw,Screenshot,settings_main,87,0.19673,True
screenshot_raw,Screenshot,settings_main,88,0.199447,True
screenshot_raw,Screenshot,settings_main,89,0.202607,True
screenshot_raw,Screenshot,settings_main,90,0.1997,True
screenshot_raw,Screenshot,settings_main,91,0.199823,True
screenshot_raw,Screenshot,settings_main,92,0.197892,True
screenshot_raw,Screenshot,settings_main,93,0.199272,True
screenshot_raw,Screenshot,settings_main,94,0.200517,True
screenshot_raw,Screenshot,settings_main,95,0.197191,True
screenshot_raw,Screenshot,settings_main,96,0.202328,True
screenshot_raw,Screenshot,settings_main,97,0.201919,True
screenshot_raw,Screenshot,settings_main,98,0.20164,True
screenshot_raw,Screenshot,settings_main,99,0.201128,True
screenshot_raw,Screenshot,clock,0,0.1951,True
screenshot_raw,Screenshot,clock,1,0.199028,True
screenshot_raw,Screenshot,clock,2,0.200442,True
screenshot_raw,Screenshot,clock,3,0.244093,True
screenshot_raw,Screenshot,clock,4,0.200477,True
screenshot_raw,Screenshot,clock,5,0.19977,True
screenshot_raw,Screenshot,clock,6,0.202888,True
screenshot_raw,Screenshot,clock,7,0.201186,True
screenshot_raw,Screenshot,clock,8,0.211698,True
screenshot_raw,Screenshot,clock,9,0.198646,True
screenshot_raw,Screenshot,clock,10,0.200721,True
screenshot_raw,Screenshot,clock,11,0.200596,True
screenshot_raw,Screenshot,clock,12,0.203242,True
screenshot_raw,Screenshot,clock,13,0.198118,True
screenshot_raw,Screenshot,clock,14,0.200827,True
screenshot_raw,Screenshot,clock,15,0.200941,True
screenshot_raw,Screenshot,clock,16,0.20096,True
screenshot_raw,Screenshot,clock,17,0.198291,True
screenshot_raw,Screenshot,clock,18,0.240421,True
screenshot_raw,Screenshot,clock,19,0.201032,True
screenshot_raw,Screenshot,clock,20,0.200886,True
screenshot_raw,Screenshot,clock,21,0.204299,True
screenshot_raw,Screenshot,clock,22,0.201667,True
screenshot_raw,Screenshot,clock,23,0.199464,True
screenshot_raw,Screenshot,clock,24,0.20665,True
screenshot_raw,Screenshot,clock,25,0.207404,True
screenshot_raw,Screenshot,clock,26,0.206629,True
screenshot_raw,Screenshot,clock,27,0.247133,True
screenshot_raw,Screenshot,clock,28,0.200996,True
screenshot_raw,Screenshot,clock,29,0.199907,True
screenshot_raw,Screenshot,clock,30,0.203406,True
screenshot_raw,Screenshot,clock,31,0.198895,True
screenshot_raw,Screenshot,clock,32,0.199121,True
screenshot_raw,Screenshot,clock,33,0.210036,True
screenshot_raw,Screenshot,clock,34,0.203984,True
screenshot_raw,Screenshot,clock,35,0.207838,True
screenshot_raw,Screenshot,clock,36,0.203809,True
screenshot_raw,Screenshot,clock,37,0.204787,True
screenshot_raw,Screenshot,clock,38,0.20432,True
screenshot_raw,Screenshot,clock,39,0.206603,True
screenshot_raw,Screenshot,clock,40,0.200605,True
screenshot_raw,Screenshot,clock,41,0.200317,True
screenshot_raw,Screenshot,clock,42,0.21151,True
screenshot_raw,Screenshot,clock,43,0.20386,True
screenshot_raw,Screenshot,clock,44,0.20218,True
screenshot_raw,Screenshot,clock,45,0.248265,True
screenshot_raw,Screenshot,clock,46,0.200578,True
screenshot_raw,Screenshot,clock,47,0.203231,True
screenshot_raw,Screenshot,clock,48,0.20301,True
screenshot_raw,Screenshot,clock,49,0.2041,True
screenshot_raw,Screenshot,clock,50,0.199295,True
screenshot_raw,Screenshot,clock,51,0.205227,True
screenshot_raw,Screenshot,clock,52,0.20343,True
screenshot_raw,Screenshot,clock,53,0.205416,True
screenshot_raw,Screenshot,clock,54,0.199776,True
screenshot_raw,Screenshot,clock,55,0.201935,True
screenshot_raw,Screenshot,clock,56,0.206979,True
screenshot_raw,Screenshot,clock,57,0.200549,True
screenshot_raw,Screenshot,clock,58,0.24926,True
screenshot_raw,Screenshot,clock,59,0.203769,True
screenshot_raw,Screenshot,clock,60,0.198858,True
screenshot_raw,Screenshot,clock,61,0.202352,True
screenshot_raw,Screenshot,clock,62,0.201124,True
screenshot_raw,Screenshot,clock,63,0.209327,True
screenshot_raw,Screenshot,clock,64,0.24805,True
screenshot_raw,Screenshot,clock,65,0.200743,True
screenshot_raw,Screenshot,clock,66,0.204981,True
screenshot_raw,Screenshot,clock,67,0.241935,True
screenshot_raw,Screenshot,clock,68,0.199623,True
screenshot_raw,Screenshot,clock,69,0.201123,True
screenshot_raw,Screenshot,clock,70,0.201455,True
screenshot_raw,Screenshot,clock,71,0.200765,True
screenshot_raw,Screenshot,clock,72,0.203987,True
screenshot_raw,Screenshot,clock,73,0.200281,True
screenshot_raw,Screenshot,clock,74,0.20332,True
screenshot_raw,Screenshot,clock,75,0.228859,True
screenshot_raw,Screenshot,clock,76,0.202936,True
screenshot_raw,Screenshot,clock,77,0.204775,True
screenshot_raw,Screenshot,clock,78,0.200296,True
screenshot_raw,Screenshot,clock,79,0.208621,True
screenshot_raw,Screenshot,clock,80,0.205048,True
screenshot_raw,Screenshot,clock,81,0.199265,True
screenshot_raw,Screenshot,clock,82,0.204036,True
screenshot_raw,Screenshot,clock,83,0.202023,True
screenshot_raw,Screenshot,clock,84,0.201963,True
screenshot_raw,Screenshot,clock,85,0.199958,True
screenshot_raw,Screenshot,clock,86,0.20025,True
screenshot_raw,Screenshot,clock,87,0.200765,True
screenshot_raw,Screenshot,clock,88,0.200025,True
screenshot_raw,Screenshot,clock,89,0.204321,True
screenshot_raw,Screenshot,clock,90,0.203935,True
screenshot_raw,Screenshot,clock,91,0.198739,True
screenshot_raw,Screenshot,clock,92,0.206523,True
screenshot_raw,Screenshot,clock,93,0.206947,True
screenshot_raw,Screenshot,clock,94,0.204231,True
screenshot_raw,Screenshot,clock,95,0.197794,True
screenshot_raw,Screenshot,clock,96,0.245708,True
screenshot_raw,Screenshot,clock,97,0.201837,True
screenshot_raw,Screenshot,clock,98,0.199637,True
screenshot_raw,Screenshot,clock,99,0.205407,True
screencap_png_only,Screenshot (breakdown),home,0,0.815084,True
screencap_png_only,Screenshot (breakdown),home,1,0.826449,True
screencap_png_only,Screenshot (breakdown),home,2,0.818113,True
screencap_png_only,Screenshot (breakdown),home,3,0.806943,True
screencap_png_only,Screenshot (breakdown),home,4,0.815212,True
screencap_png_only,Screenshot (breakdown),home,5,0.81227,True
screencap_png_only,Screenshot (breakdown),home,6,0.816468,True
screencap_png_only,Screenshot (breakdown),home,7,0.821698,True
screencap_png_only,Screenshot (breakdown),home,8,0.819533,True
screencap_png_only,Screenshot (breakdown),home,9,0.806622,True
screencap_png_only,Screenshot (breakdown),home,10,0.819447,True
screencap_png_only,Screenshot (breakdown),home,11,0.818321,True
screencap_png_only,Screenshot (breakdown),home,12,0.80647,True
screencap_png_only,Screenshot (breakdown),home,13,0.814752,True
screencap_png_only,Screenshot (breakdown),home,14,0.815639,True
screencap_png_only,Screenshot (breakdown),home,15,0.812922,True
screencap_png_only,Screenshot (breakdown),home,16,0.810657,True
screencap_png_only,Screenshot (breakdown),home,17,0.810813,True
screencap_png_only,Screenshot (breakdown),home,18,0.815911,True
screencap_png_only,Screenshot (breakdown),home,19,0.819614,True
screencap_png_only,Screenshot (breakdown),home,20,0.808472,True
screencap_png_only,Screenshot (breakdown),home,21,0.813093,True
screencap_png_only,Screenshot (breakdown),home,22,0.818759,True
screencap_png_only,Screenshot (breakdown),home,23,0.820618,True
screencap_png_only,Screenshot (breakdown),home,24,0.841295,True
screencap_png_only,Screenshot (breakdown),home,25,0.812642,True
screencap_png_only,Screenshot (breakdown),home,26,0.811631,True
screencap_png_only,Screenshot (breakdown),home,27,0.812631,True
screencap_png_only,Screenshot (breakdown),home,28,0.812203,True
screencap_png_only,Screenshot (breakdown),home,29,0.817474,True
screencap_png_only,Screenshot (breakdown),home,30,0.821109,True
screencap_png_only,Screenshot (breakdown),home,31,0.811207,True
screencap_png_only,Screenshot (breakdown),home,32,0.823147,True
screencap_png_only,Screenshot (breakdown),home,33,0.808696,True
screencap_png_only,Screenshot (breakdown),home,34,0.808327,True
screencap_png_only,Screenshot (breakdown),home,35,0.813468,True
screencap_png_only,Screenshot (breakdown),home,36,0.821753,True
screencap_png_only,Screenshot (breakdown),home,37,0.834019,True
screencap_png_only,Screenshot (breakdown),home,38,0.833358,True
screencap_png_only,Screenshot (breakdown),home,39,0.876157,True
screencap_png_only,Screenshot (breakdown),home,40,0.834863,True
screencap_png_only,Screenshot (breakdown),home,41,0.821337,True
screencap_png_only,Screenshot (breakdown),home,42,0.84829,True
screencap_png_only,Screenshot (breakdown),home,43,0.819969,True
screencap_png_only,Screenshot (breakdown),home,44,0.820109,True
screencap_png_only,Screenshot (breakdown),home,45,0.815343,True
screencap_png_only,Screenshot (breakdown),home,46,0.817445,True
screencap_png_only,Screenshot (breakdown),home,47,0.824087,True
screencap_png_only,Screenshot (breakdown),home,48,0.806247,True
screencap_png_only,Screenshot (breakdown),home,49,0.815613,True
screencap_png_only,Screenshot (breakdown),home,50,0.813756,True
screencap_png_only,Screenshot (breakdown),home,51,0.818795,True
screencap_png_only,Screenshot (breakdown),home,52,0.82093,True
screencap_png_only,Screenshot (breakdown),home,53,0.833406,True
screencap_png_only,Screenshot (breakdown),home,54,0.817311,True
screencap_png_only,Screenshot (breakdown),home,55,0.811133,True
screencap_png_only,Screenshot (breakdown),home,56,0.829562,True
screencap_png_only,Screenshot (breakdown),home,57,0.821019,True
screencap_png_only,Screenshot (breakdown),home,58,0.815137,True
screencap_png_only,Screenshot (breakdown),home,59,0.817193,True
screencap_png_only,Screenshot (breakdown),home,60,0.816903,True
screencap_png_only,Screenshot (breakdown),home,61,0.814597,True
screencap_png_only,Screenshot (breakdown),home,62,0.81484,True
screencap_png_only,Screenshot (breakdown),home,63,0.824357,True
screencap_png_only,Screenshot (breakdown),home,64,0.826774,True
screencap_png_only,Screenshot (breakdown),home,65,0.818252,True
screencap_png_only,Screenshot (breakdown),home,66,0.824877,True
screencap_png_only,Screenshot (breakdown),home,67,0.815376,True
screencap_png_only,Screenshot (breakdown),home,68,0.824831,True
screencap_png_only,Screenshot (breakdown),home,69,0.842497,True
screencap_png_only,Screenshot (breakdown),home,70,0.81433,True
screencap_png_only,Screenshot (breakdown),home,71,0.814443,True
screencap_png_only,Screenshot (breakdown),home,72,0.81491,True
screencap_png_only,Screenshot (breakdown),home,73,0.816466,True
screencap_png_only,Screenshot (breakdown),home,74,0.819841,True
screencap_png_only,Screenshot (breakdown),home,75,0.813401,True
screencap_png_only,Screenshot (breakdown),home,76,0.812621,True
screencap_png_only,Screenshot (breakdown),home,77,0.810695,True
screencap_png_only,Screenshot (breakdown),home,78,0.811416,True
screencap_png_only,Screenshot (breakdown),home,79,0.823609,True
screencap_png_only,Screenshot (breakdown),home,80,0.814695,True
screencap_png_only,Screenshot (breakdown),home,81,0.813127,True
screencap_png_only,Screenshot (breakdown),home,82,0.807384,True
screencap_png_only,Screenshot (breakdown),home,83,0.805806,True
screencap_png_only,Screenshot (breakdown),home,84,0.815707,True
screencap_png_only,Screenshot (breakdown),home,85,0.812851,True
screencap_png_only,Screenshot (breakdown),home,86,0.806235,True
screencap_png_only,Screenshot (breakdown),home,87,0.810181,True
screencap_png_only,Screenshot (breakdown),home,88,0.809745,True
screencap_png_only,Screenshot (breakdown),home,89,0.81131,True
screencap_png_only,Screenshot (breakdown),home,90,0.806323,True
screencap_png_only,Screenshot (breakdown),home,91,0.818271,True
screencap_png_only,Screenshot (breakdown),home,92,0.822642,True
screencap_png_only,Screenshot (breakdown),home,93,0.815708,True
screencap_png_only,Screenshot (breakdown),home,94,0.811214,True
screencap_png_only,Screenshot (breakdown),home,95,0.808816,True
screencap_png_only,Screenshot (breakdown),home,96,0.813996,True
screencap_png_only,Screenshot (breakdown),home,97,0.812435,True
screencap_png_only,Screenshot (breakdown),home,98,0.809678,True
screencap_png_only,Screenshot (breakdown),home,99,0.808927,True
screencap_png_only,Screenshot (breakdown),settings_main,0,0.209704,True
screencap_png_only,Screenshot (breakdown),settings_main,1,0.226999,True
screencap_png_only,Screenshot (breakdown),settings_main,2,0.215938,True
screencap_png_only,Screenshot (breakdown),settings_main,3,0.210789,True
screencap_png_only,Screenshot (breakdown),settings_main,4,0.208985,True
screencap_png_only,Screenshot (breakdown),settings_main,5,0.214902,True
screencap_png_only,Screenshot (breakdown),settings_main,6,0.20747,True
screencap_png_only,Screenshot (breakdown),settings_main,7,0.211363,True
screencap_png_only,Screenshot (breakdown),settings_main,8,0.21657,True
screencap_png_only,Screenshot (breakdown),settings_main,9,0.206473,True
screencap_png_only,Screenshot (breakdown),settings_main,10,0.213563,True
screencap_png_only,Screenshot (breakdown),settings_main,11,0.211812,True
screencap_png_only,Screenshot (breakdown),settings_main,12,0.208266,True
screencap_png_only,Screenshot (breakdown),settings_main,13,0.213226,True
screencap_png_only,Screenshot (breakdown),settings_main,14,0.207667,True
screencap_png_only,Screenshot (breakdown),settings_main,15,0.207687,True
screencap_png_only,Screenshot (breakdown),settings_main,16,0.211732,True
screencap_png_only,Screenshot (breakdown),settings_main,17,0.21042,True
screencap_png_only,Screenshot (breakdown),settings_main,18,0.213269,True
screencap_png_only,Screenshot (breakdown),settings_main,19,0.209505,True
screencap_png_only,Screenshot (breakdown),settings_main,20,0.209317,True
screencap_png_only,Screenshot (breakdown),settings_main,21,0.214451,True
screencap_png_only,Screenshot (breakdown),settings_main,22,0.214655,True
screencap_png_only,Screenshot (breakdown),settings_main,23,0.217844,True
screencap_png_only,Screenshot (breakdown),settings_main,24,0.23775,True
screencap_png_only,Screenshot (breakdown),settings_main,25,0.211671,True
screencap_png_only,Screenshot (breakdown),settings_main,26,0.212262,True
screencap_png_only,Screenshot (breakdown),settings_main,27,0.211678,True
screencap_png_only,Screenshot (breakdown),settings_main,28,0.210695,True
screencap_png_only,Screenshot (breakdown),settings_main,29,0.210958,True
screencap_png_only,Screenshot (breakdown),settings_main,30,0.209379,True
screencap_png_only,Screenshot (breakdown),settings_main,31,0.21194,True
screencap_png_only,Screenshot (breakdown),settings_main,32,0.21658,True
screencap_png_only,Screenshot (breakdown),settings_main,33,0.210394,True
screencap_png_only,Screenshot (breakdown),settings_main,34,0.217646,True
screencap_png_only,Screenshot (breakdown),settings_main,35,0.211701,True
screencap_png_only,Screenshot (breakdown),settings_main,36,0.209147,True
screencap_png_only,Screenshot (breakdown),settings_main,37,0.214204,True
screencap_png_only,Screenshot (breakdown),settings_main,38,0.215438,True
screencap_png_only,Screenshot (breakdown),settings_main,39,0.21254,True
screencap_png_only,Screenshot (breakdown),settings_main,40,0.20788,True
screencap_png_only,Screenshot (breakdown),settings_main,41,0.211314,True
screencap_png_only,Screenshot (breakdown),settings_main,42,0.211403,True
screencap_png_only,Screenshot (breakdown),settings_main,43,0.206988,True
screencap_png_only,Screenshot (breakdown),settings_main,44,0.207639,True
screencap_png_only,Screenshot (breakdown),settings_main,45,0.212397,True
screencap_png_only,Screenshot (breakdown),settings_main,46,0.211206,True
screencap_png_only,Screenshot (breakdown),settings_main,47,0.215748,True
screencap_png_only,Screenshot (breakdown),settings_main,48,0.212711,True
screencap_png_only,Screenshot (breakdown),settings_main,49,0.214105,True
screencap_png_only,Screenshot (breakdown),settings_main,50,0.207662,True
screencap_png_only,Screenshot (breakdown),settings_main,51,0.212287,True
screencap_png_only,Screenshot (breakdown),settings_main,52,0.214722,True
screencap_png_only,Screenshot (breakdown),settings_main,53,0.213449,True
screencap_png_only,Screenshot (breakdown),settings_main,54,0.21317,True
screencap_png_only,Screenshot (breakdown),settings_main,55,0.212707,True
screencap_png_only,Screenshot (breakdown),settings_main,56,0.210254,True
screencap_png_only,Screenshot (breakdown),settings_main,57,0.209716,True
screencap_png_only,Screenshot (breakdown),settings_main,58,0.212543,True
screencap_png_only,Screenshot (breakdown),settings_main,59,0.20788,True
screencap_png_only,Screenshot (breakdown),settings_main,60,0.21275,True
screencap_png_only,Screenshot (breakdown),settings_main,61,0.214077,True
screencap_png_only,Screenshot (breakdown),settings_main,62,0.209096,True
screencap_png_only,Screenshot (breakdown),settings_main,63,0.211963,True
screencap_png_only,Screenshot (breakdown),settings_main,64,0.213121,True
screencap_png_only,Screenshot (breakdown),settings_main,65,0.209711,True
screencap_png_only,Screenshot (breakdown),settings_main,66,0.209115,True
screencap_png_only,Screenshot (breakdown),settings_main,67,0.230489,True
screencap_png_only,Screenshot (breakdown),settings_main,68,0.209959,True
screencap_png_only,Screenshot (breakdown),settings_main,69,0.214115,True
screencap_png_only,Screenshot (breakdown),settings_main,70,0.208348,True
screencap_png_only,Screenshot (breakdown),settings_main,71,0.213207,True
screencap_png_only,Screenshot (breakdown),settings_main,72,0.209294,True
screencap_png_only,Screenshot (breakdown),settings_main,73,0.211386,True
screencap_png_only,Screenshot (breakdown),settings_main,74,0.213298,True
screencap_png_only,Screenshot (breakdown),settings_main,75,0.215839,True
screencap_png_only,Screenshot (breakdown),settings_main,76,0.213306,True
screencap_png_only,Screenshot (breakdown),settings_main,77,0.213524,True
screencap_png_only,Screenshot (breakdown),settings_main,78,0.221526,True
screencap_png_only,Screenshot (breakdown),settings_main,79,0.210062,True
screencap_png_only,Screenshot (breakdown),settings_main,80,0.210219,True
screencap_png_only,Screenshot (breakdown),settings_main,81,0.211178,True
screencap_png_only,Screenshot (breakdown),settings_main,82,0.213712,True
screencap_png_only,Screenshot (breakdown),settings_main,83,0.213703,True
screencap_png_only,Screenshot (breakdown),settings_main,84,0.214721,True
screencap_png_only,Screenshot (breakdown),settings_main,85,0.213485,True
screencap_png_only,Screenshot (breakdown),settings_main,86,0.212056,True
screencap_png_only,Screenshot (breakdown),settings_main,87,0.210187,True
screencap_png_only,Screenshot (breakdown),settings_main,88,0.210535,True
screencap_png_only,Screenshot (breakdown),settings_main,89,0.210727,True
screencap_png_only,Screenshot (breakdown),settings_main,90,0.216107,True
screencap_png_only,Screenshot (breakdown),settings_main,91,0.210628,True
screencap_png_only,Screenshot (breakdown),settings_main,92,0.21479,True
screencap_png_only,Screenshot (breakdown),settings_main,93,0.212769,True
screencap_png_only,Screenshot (breakdown),settings_main,94,0.214733,True
screencap_png_only,Screenshot (breakdown),settings_main,95,0.212869,True
screencap_png_only,Screenshot (breakdown),settings_main,96,0.214734,True
screencap_png_only,Screenshot (breakdown),settings_main,97,0.210265,True
screencap_png_only,Screenshot (breakdown),settings_main,98,0.21298,True
screencap_png_only,Screenshot (breakdown),settings_main,99,0.21196,True
screencap_png_only,Screenshot (breakdown),clock,0,0.209879,True
screencap_png_only,Screenshot (breakdown),clock,1,0.204177,True
screencap_png_only,Screenshot (breakdown),clock,2,0.208499,True
screencap_png_only,Screenshot (breakdown),clock,3,0.210254,True
screencap_png_only,Screenshot (breakdown),clock,4,0.213165,True
screencap_png_only,Screenshot (breakdown),clock,5,0.208196,True
screencap_png_only,Screenshot (breakdown),clock,6,0.211102,True
screencap_png_only,Screenshot (breakdown),clock,7,0.207072,True
screencap_png_only,Screenshot (breakdown),clock,8,0.207643,True
screencap_png_only,Screenshot (breakdown),clock,9,0.209023,True
screencap_png_only,Screenshot (breakdown),clock,10,0.209506,True
screencap_png_only,Screenshot (breakdown),clock,11,0.206712,True
screencap_png_only,Screenshot (breakdown),clock,12,0.21362,True
screencap_png_only,Screenshot (breakdown),clock,13,0.208187,True
screencap_png_only,Screenshot (breakdown),clock,14,0.20964,True
screencap_png_only,Screenshot (breakdown),clock,15,0.205621,True
screencap_png_only,Screenshot (breakdown),clock,16,0.224044,True
screencap_png_only,Screenshot (breakdown),clock,17,0.207083,True
screencap_png_only,Screenshot (breakdown),clock,18,0.206904,True
screencap_png_only,Screenshot (breakdown),clock,19,0.209491,True
screencap_png_only,Screenshot (breakdown),clock,20,0.210736,True
screencap_png_only,Screenshot (breakdown),clock,21,0.205919,True
screencap_png_only,Screenshot (breakdown),clock,22,0.205849,True
screencap_png_only,Screenshot (breakdown),clock,23,0.207748,True
screencap_png_only,Screenshot (breakdown),clock,24,0.220443,True
screencap_png_only,Screenshot (breakdown),clock,25,0.215208,True
screencap_png_only,Screenshot (breakdown),clock,26,0.212183,True
screencap_png_only,Screenshot (breakdown),clock,27,0.2076,True
screencap_png_only,Screenshot (breakdown),clock,28,0.209607,True
screencap_png_only,Screenshot (breakdown),clock,29,0.206788,True
screencap_png_only,Screenshot (breakdown),clock,30,0.2094,True
screencap_png_only,Screenshot (breakdown),clock,31,0.209942,True
screencap_png_only,Screenshot (breakdown),clock,32,0.205515,True
screencap_png_only,Screenshot (breakdown),clock,33,0.208592,True
screencap_png_only,Screenshot (breakdown),clock,34,0.211974,True
screencap_png_only,Screenshot (breakdown),clock,35,0.210495,True
screencap_png_only,Screenshot (breakdown),clock,36,0.206531,True
screencap_png_only,Screenshot (breakdown),clock,37,0.208038,True
screencap_png_only,Screenshot (breakdown),clock,38,0.210539,True
screencap_png_only,Screenshot (breakdown),clock,39,0.210078,True
screencap_png_only,Screenshot (breakdown),clock,40,0.207113,True
screencap_png_only,Screenshot (breakdown),clock,41,0.211067,True
screencap_png_only,Screenshot (breakdown),clock,42,0.207633,True
screencap_png_only,Screenshot (breakdown),clock,43,0.209362,True
screencap_png_only,Screenshot (breakdown),clock,44,0.208097,True
screencap_png_only,Screenshot (breakdown),clock,45,0.207982,True
screencap_png_only,Screenshot (breakdown),clock,46,0.207621,True
screencap_png_only,Screenshot (breakdown),clock,47,0.206371,True
screencap_png_only,Screenshot (breakdown),clock,48,0.209886,True
screencap_png_only,Screenshot (breakdown),clock,49,0.207035,True
screencap_png_only,Screenshot (breakdown),clock,50,0.207317,True
screencap_png_only,Screenshot (breakdown),clock,51,0.205633,True
screencap_png_only,Screenshot (breakdown),clock,52,0.210546,True
screencap_png_only,Screenshot (breakdown),clock,53,0.207501,True
screencap_png_only,Screenshot (breakdown),clock,54,0.20634,True
screencap_png_only,Screenshot (breakdown),clock,55,0.209189,True
screencap_png_only,Screenshot (breakdown),clock,56,0.208745,True
screencap_png_only,Screenshot (breakdown),clock,57,0.207226,True
screencap_png_only,Screenshot (breakdown),clock,58,0.207529,True
screencap_png_only,Screenshot (breakdown),clock,59,0.206505,True
screencap_png_only,Screenshot (breakdown),clock,60,0.209293,True
screencap_png_only,Screenshot (breakdown),clock,61,0.211376,True
screencap_png_only,Screenshot (breakdown),clock,62,0.204795,True
screencap_png_only,Screenshot (breakdown),clock,63,0.206045,True
screencap_png_only,Screenshot (breakdown),clock,64,0.206089,True
screencap_png_only,Screenshot (breakdown),clock,65,0.206831,True
screencap_png_only,Screenshot (breakdown),clock,66,0.224937,True
screencap_png_only,Screenshot (breakdown),clock,67,0.209217,True
screencap_png_only,Screenshot (breakdown),clock,68,0.208912,True
screencap_png_only,Screenshot (breakdown),clock,69,0.208127,True
screencap_png_only,Screenshot (breakdown),clock,70,0.210612,True
screencap_png_only,Screenshot (breakdown),clock,71,0.208533,True
screencap_png_only,Screenshot (breakdown),clock,72,0.208474,True
screencap_png_only,Screenshot (breakdown),clock,73,0.207863,True
screencap_png_only,Screenshot (breakdown),clock,74,0.209141,True
screencap_png_only,Screenshot (breakdown),clock,75,0.205496,True
screencap_png_only,Screenshot (breakdown),clock,76,0.20875,True
screencap_png_only,Screenshot (breakdown),clock,77,0.211089,True
screencap_png_only,Screenshot (breakdown),clock,78,0.203526,True
screencap_png_only,Screenshot (breakdown),clock,79,0.207578,True
screencap_png_only,Screenshot (breakdown),clock,80,0.209846,True
screencap_png_only,Screenshot (breakdown),clock,81,0.207097,True
screencap_png_only,Screenshot (breakdown),clock,82,0.212817,True
screencap_png_only,Screenshot (breakdown),clock,83,0.211118,True
screencap_png_only,Screenshot (breakdown),clock,84,0.20549,True
screencap_png_only,Screenshot (breakdown),clock,85,0.21031,True
screencap_png_only,Screenshot (breakdown),clock,86,0.206138,True
screencap_png_only,Screenshot (breakdown),clock,87,0.208778,True
screencap_png_only,Screenshot (breakdown),clock,88,0.207743,True
screencap_png_only,Screenshot (breakdown),clock,89,0.20661,True
screencap_png_only,Screenshot (breakdown),clock,90,0.20857,True
screencap_png_only,Screenshot (breakdown),clock,91,0.205366,True
screencap_png_only,Screenshot (breakdown),clock,92,0.209337,True
screencap_png_only,Screenshot (breakdown),clock,93,0.206032,True
screencap_png_only,Screenshot (breakdown),clock,94,0.208257,True
screencap_png_only,Screenshot (breakdown),clock,95,0.208447,True
screencap_png_only,Screenshot (breakdown),clock,96,0.207056,True
screencap_png_only,Screenshot (breakdown),clock,97,0.211057,True
screencap_png_only,Screenshot (breakdown),clock,98,0.205554,True
screencap_png_only,Screenshot (breakdown),clock,99,0.20676,True
screencap_raw_only,Screenshot (breakdown),home,0,0.127734,True
screencap_raw_only,Screenshot (breakdown),home,1,0.109208,True
screencap_raw_only,Screenshot (breakdown),home,2,0.111454,True
screencap_raw_only,Screenshot (breakdown),home,3,0.111448,True
screencap_raw_only,Screenshot (breakdown),home,4,0.112664,True
screencap_raw_only,Screenshot (breakdown),home,5,0.114806,True
screencap_raw_only,Screenshot (breakdown),home,6,0.109892,True
screencap_raw_only,Screenshot (breakdown),home,7,0.112483,True
screencap_raw_only,Screenshot (breakdown),home,8,0.110667,True
screencap_raw_only,Screenshot (breakdown),home,9,0.112779,True
screencap_raw_only,Screenshot (breakdown),home,10,0.110718,True
screencap_raw_only,Screenshot (breakdown),home,11,0.110788,True
screencap_raw_only,Screenshot (breakdown),home,12,0.111389,True
screencap_raw_only,Screenshot (breakdown),home,13,0.111926,True
screencap_raw_only,Screenshot (breakdown),home,14,0.110853,True
screencap_raw_only,Screenshot (breakdown),home,15,0.111962,True
screencap_raw_only,Screenshot (breakdown),home,16,0.111824,True
screencap_raw_only,Screenshot (breakdown),home,17,0.111246,True
screencap_raw_only,Screenshot (breakdown),home,18,0.111427,True
screencap_raw_only,Screenshot (breakdown),home,19,0.111835,True
screencap_raw_only,Screenshot (breakdown),home,20,0.111857,True
screencap_raw_only,Screenshot (breakdown),home,21,0.113341,True
screencap_raw_only,Screenshot (breakdown),home,22,0.110827,True
screencap_raw_only,Screenshot (breakdown),home,23,0.112296,True
screencap_raw_only,Screenshot (breakdown),home,24,0.110533,True
screencap_raw_only,Screenshot (breakdown),home,25,0.109807,True
screencap_raw_only,Screenshot (breakdown),home,26,0.110558,True
screencap_raw_only,Screenshot (breakdown),home,27,0.112666,True
screencap_raw_only,Screenshot (breakdown),home,28,0.113234,True
screencap_raw_only,Screenshot (breakdown),home,29,0.111557,True
screencap_raw_only,Screenshot (breakdown),home,30,0.110893,True
screencap_raw_only,Screenshot (breakdown),home,31,0.114994,True
screencap_raw_only,Screenshot (breakdown),home,32,0.111622,True
screencap_raw_only,Screenshot (breakdown),home,33,0.111966,True
screencap_raw_only,Screenshot (breakdown),home,34,0.112174,True
screencap_raw_only,Screenshot (breakdown),home,35,0.110297,True
screencap_raw_only,Screenshot (breakdown),home,36,0.111598,True
screencap_raw_only,Screenshot (breakdown),home,37,0.112699,True
screencap_raw_only,Screenshot (breakdown),home,38,0.11188,True
screencap_raw_only,Screenshot (breakdown),home,39,0.112228,True
screencap_raw_only,Screenshot (breakdown),home,40,0.111945,True
screencap_raw_only,Screenshot (breakdown),home,41,0.110588,True
screencap_raw_only,Screenshot (breakdown),home,42,0.113935,True
screencap_raw_only,Screenshot (breakdown),home,43,0.115034,True
screencap_raw_only,Screenshot (breakdown),home,44,0.112093,True
screencap_raw_only,Screenshot (breakdown),home,45,0.110375,True
screencap_raw_only,Screenshot (breakdown),home,46,0.111139,True
screencap_raw_only,Screenshot (breakdown),home,47,0.112716,True
screencap_raw_only,Screenshot (breakdown),home,48,0.111489,True
screencap_raw_only,Screenshot (breakdown),home,49,0.114089,True
screencap_raw_only,Screenshot (breakdown),home,50,0.111714,True
screencap_raw_only,Screenshot (breakdown),home,51,0.111731,True
screencap_raw_only,Screenshot (breakdown),home,52,0.110843,True
screencap_raw_only,Screenshot (breakdown),home,53,0.112538,True
screencap_raw_only,Screenshot (breakdown),home,54,0.112689,True
screencap_raw_only,Screenshot (breakdown),home,55,0.113229,True
screencap_raw_only,Screenshot (breakdown),home,56,0.111173,True
screencap_raw_only,Screenshot (breakdown),home,57,0.112895,True
screencap_raw_only,Screenshot (breakdown),home,58,0.112487,True
screencap_raw_only,Screenshot (breakdown),home,59,0.112808,True
screencap_raw_only,Screenshot (breakdown),home,60,0.109816,True
screencap_raw_only,Screenshot (breakdown),home,61,0.110073,True
screencap_raw_only,Screenshot (breakdown),home,62,0.111246,True
screencap_raw_only,Screenshot (breakdown),home,63,0.117399,True
screencap_raw_only,Screenshot (breakdown),home,64,0.112042,True
screencap_raw_only,Screenshot (breakdown),home,65,0.138737,True
screencap_raw_only,Screenshot (breakdown),home,66,0.10975,True
screencap_raw_only,Screenshot (breakdown),home,67,0.111995,True
screencap_raw_only,Screenshot (breakdown),home,68,0.111803,True
screencap_raw_only,Screenshot (breakdown),home,69,0.110659,True
screencap_raw_only,Screenshot (breakdown),home,70,0.111862,True
screencap_raw_only,Screenshot (breakdown),home,71,0.112691,True
screencap_raw_only,Screenshot (breakdown),home,72,0.113503,True
screencap_raw_only,Screenshot (breakdown),home,73,0.113323,True
screencap_raw_only,Screenshot (breakdown),home,74,0.110289,True
screencap_raw_only,Screenshot (breakdown),home,75,0.112839,True
screencap_raw_only,Screenshot (breakdown),home,76,0.110251,True
screencap_raw_only,Screenshot (breakdown),home,77,0.113057,True
screencap_raw_only,Screenshot (breakdown),home,78,0.112077,True
screencap_raw_only,Screenshot (breakdown),home,79,0.111867,True
screencap_raw_only,Screenshot (breakdown),home,80,0.112219,True
screencap_raw_only,Screenshot (breakdown),home,81,0.111436,True
screencap_raw_only,Screenshot (breakdown),home,82,0.110936,True
screencap_raw_only,Screenshot (breakdown),home,83,0.109774,True
screencap_raw_only,Screenshot (breakdown),home,84,0.113688,True
screencap_raw_only,Screenshot (breakdown),home,85,0.112857,True
screencap_raw_only,Screenshot (breakdown),home,86,0.112374,True
screencap_raw_only,Screenshot (breakdown),home,87,0.112389,True
screencap_raw_only,Screenshot (breakdown),home,88,0.112223,True
screencap_raw_only,Screenshot (breakdown),home,89,0.112772,True
screencap_raw_only,Screenshot (breakdown),home,90,0.113037,True
screencap_raw_only,Screenshot (breakdown),home,91,0.112666,True
screencap_raw_only,Screenshot (breakdown),home,92,0.112783,True
screencap_raw_only,Screenshot (breakdown),home,93,0.113073,True
screencap_raw_only,Screenshot (breakdown),home,94,0.111916,True
screencap_raw_only,Screenshot (breakdown),home,95,0.111946,True
screencap_raw_only,Screenshot (breakdown),home,96,0.113891,True
screencap_raw_only,Screenshot (breakdown),home,97,0.112383,True
screencap_raw_only,Screenshot (breakdown),home,98,0.110472,True
screencap_raw_only,Screenshot (breakdown),home,99,0.111481,True
screencap_raw_only,Screenshot (breakdown),settings_main,0,0.11151,True
screencap_raw_only,Screenshot (breakdown),settings_main,1,0.113314,True
screencap_raw_only,Screenshot (breakdown),settings_main,2,0.109622,True
screencap_raw_only,Screenshot (breakdown),settings_main,3,0.111786,True
screencap_raw_only,Screenshot (breakdown),settings_main,4,0.111196,True
screencap_raw_only,Screenshot (breakdown),settings_main,5,0.11193,True
screencap_raw_only,Screenshot (breakdown),settings_main,6,0.112318,True
screencap_raw_only,Screenshot (breakdown),settings_main,7,0.113267,True
screencap_raw_only,Screenshot (breakdown),settings_main,8,0.111301,True
screencap_raw_only,Screenshot (breakdown),settings_main,9,0.109492,True
screencap_raw_only,Screenshot (breakdown),settings_main,10,0.111562,True
screencap_raw_only,Screenshot (breakdown),settings_main,11,0.111703,True
screencap_raw_only,Screenshot (breakdown),settings_main,12,0.113814,True
screencap_raw_only,Screenshot (breakdown),settings_main,13,0.11205,True
screencap_raw_only,Screenshot (breakdown),settings_main,14,0.111318,True
screencap_raw_only,Screenshot (breakdown),settings_main,15,0.111491,True
screencap_raw_only,Screenshot (breakdown),settings_main,16,0.111507,True
screencap_raw_only,Screenshot (breakdown),settings_main,17,0.112816,True
screencap_raw_only,Screenshot (breakdown),settings_main,18,0.111566,True
screencap_raw_only,Screenshot (breakdown),settings_main,19,0.111224,True
screencap_raw_only,Screenshot (breakdown),settings_main,20,0.111171,True
screencap_raw_only,Screenshot (breakdown),settings_main,21,0.114564,True
screencap_raw_only,Screenshot (breakdown),settings_main,22,0.112077,True
screencap_raw_only,Screenshot (breakdown),settings_main,23,0.113247,True
screencap_raw_only,Screenshot (breakdown),settings_main,24,0.112095,True
screencap_raw_only,Screenshot (breakdown),settings_main,25,0.116084,True
screencap_raw_only,Screenshot (breakdown),settings_main,26,0.113627,True
screencap_raw_only,Screenshot (breakdown),settings_main,27,0.111032,True
screencap_raw_only,Screenshot (breakdown),settings_main,28,0.110358,True
screencap_raw_only,Screenshot (breakdown),settings_main,29,0.113536,True
screencap_raw_only,Screenshot (breakdown),settings_main,30,0.110303,True
screencap_raw_only,Screenshot (breakdown),settings_main,31,0.113626,True
screencap_raw_only,Screenshot (breakdown),settings_main,32,0.111492,True
screencap_raw_only,Screenshot (breakdown),settings_main,33,0.114408,True
screencap_raw_only,Screenshot (breakdown),settings_main,34,0.110232,True
screencap_raw_only,Screenshot (breakdown),settings_main,35,0.112165,True
screencap_raw_only,Screenshot (breakdown),settings_main,36,0.110571,True
screencap_raw_only,Screenshot (breakdown),settings_main,37,0.111369,True
screencap_raw_only,Screenshot (breakdown),settings_main,38,0.113381,True
screencap_raw_only,Screenshot (breakdown),settings_main,39,0.111092,True
screencap_raw_only,Screenshot (breakdown),settings_main,40,0.114025,True
screencap_raw_only,Screenshot (breakdown),settings_main,41,0.109701,True
screencap_raw_only,Screenshot (breakdown),settings_main,42,0.109854,True
screencap_raw_only,Screenshot (breakdown),settings_main,43,0.112492,True
screencap_raw_only,Screenshot (breakdown),settings_main,44,0.110392,True
screencap_raw_only,Screenshot (breakdown),settings_main,45,0.113943,True
screencap_raw_only,Screenshot (breakdown),settings_main,46,0.111603,True
screencap_raw_only,Screenshot (breakdown),settings_main,47,0.1122,True
screencap_raw_only,Screenshot (breakdown),settings_main,48,0.111026,True
screencap_raw_only,Screenshot (breakdown),settings_main,49,0.111945,True
screencap_raw_only,Screenshot (breakdown),settings_main,50,0.114962,True
screencap_raw_only,Screenshot (breakdown),settings_main,51,0.109176,True
screencap_raw_only,Screenshot (breakdown),settings_main,52,0.112413,True
screencap_raw_only,Screenshot (breakdown),settings_main,53,0.111394,True
screencap_raw_only,Screenshot (breakdown),settings_main,54,0.111383,True
screencap_raw_only,Screenshot (breakdown),settings_main,55,0.115081,True
screencap_raw_only,Screenshot (breakdown),settings_main,56,0.111452,True
screencap_raw_only,Screenshot (breakdown),settings_main,57,0.111789,True
screencap_raw_only,Screenshot (breakdown),settings_main,58,0.112393,True
screencap_raw_only,Screenshot (breakdown),settings_main,59,0.111151,True
screencap_raw_only,Screenshot (breakdown),settings_main,60,0.112599,True
screencap_raw_only,Screenshot (breakdown),settings_main,61,0.110533,True
screencap_raw_only,Screenshot (breakdown),settings_main,62,0.112285,True
screencap_raw_only,Screenshot (breakdown),settings_main,63,0.112569,True
screencap_raw_only,Screenshot (breakdown),settings_main,64,0.114431,True
screencap_raw_only,Screenshot (breakdown),settings_main,65,0.114739,True
screencap_raw_only,Screenshot (breakdown),settings_main,66,0.11088,True
screencap_raw_only,Screenshot (breakdown),settings_main,67,0.111302,True
screencap_raw_only,Screenshot (breakdown),settings_main,68,0.108855,True
screencap_raw_only,Screenshot (breakdown),settings_main,69,0.109671,True
screencap_raw_only,Screenshot (breakdown),settings_main,70,0.109532,True
screencap_raw_only,Screenshot (breakdown),settings_main,71,0.11125,True
screencap_raw_only,Screenshot (breakdown),settings_main,72,0.110497,True
screencap_raw_only,Screenshot (breakdown),settings_main,73,0.113699,True
screencap_raw_only,Screenshot (breakdown),settings_main,74,0.110014,True
screencap_raw_only,Screenshot (breakdown),settings_main,75,0.111375,True
screencap_raw_only,Screenshot (breakdown),settings_main,76,0.110924,True
screencap_raw_only,Screenshot (breakdown),settings_main,77,0.110506,True
screencap_raw_only,Screenshot (breakdown),settings_main,78,0.112276,True
screencap_raw_only,Screenshot (breakdown),settings_main,79,0.112808,True
screencap_raw_only,Screenshot (breakdown),settings_main,80,0.110741,True
screencap_raw_only,Screenshot (breakdown),settings_main,81,0.11169,True
screencap_raw_only,Screenshot (breakdown),settings_main,82,0.113173,True
screencap_raw_only,Screenshot (breakdown),settings_main,83,0.118726,True
screencap_raw_only,Screenshot (breakdown),settings_main,84,0.112041,True
screencap_raw_only,Screenshot (breakdown),settings_main,85,0.111553,True
screencap_raw_only,Screenshot (breakdown),settings_main,86,0.111142,True
screencap_raw_only,Screenshot (breakdown),settings_main,87,0.109743,True
screencap_raw_only,Screenshot (breakdown),settings_main,88,0.113039,True
screencap_raw_only,Screenshot (breakdown),settings_main,89,0.112731,True
screencap_raw_only,Screenshot (breakdown),settings_main,90,0.112965,True
screencap_raw_only,Screenshot (breakdown),settings_main,91,0.111341,True
screencap_raw_only,Screenshot (breakdown),settings_main,92,0.114126,True
screencap_raw_only,Screenshot (breakdown),settings_main,93,0.111195,True
screencap_raw_only,Screenshot (breakdown),settings_main,94,0.110305,True
screencap_raw_only,Screenshot (breakdown),settings_main,95,0.111327,True
screencap_raw_only,Screenshot (breakdown),settings_main,96,0.109691,True
screencap_raw_only,Screenshot (breakdown),settings_main,97,0.111927,True
screencap_raw_only,Screenshot (breakdown),settings_main,98,0.110782,True
screencap_raw_only,Screenshot (breakdown),settings_main,99,0.111947,True
screencap_raw_only,Screenshot (breakdown),clock,0,0.11555,True
screencap_raw_only,Screenshot (breakdown),clock,1,0.119232,True
screencap_raw_only,Screenshot (breakdown),clock,2,0.110581,True
screencap_raw_only,Screenshot (breakdown),clock,3,0.112181,True
screencap_raw_only,Screenshot (breakdown),clock,4,0.111817,True
screencap_raw_only,Screenshot (breakdown),clock,5,0.113168,True
screencap_raw_only,Screenshot (breakdown),clock,6,0.112422,True
screencap_raw_only,Screenshot (breakdown),clock,7,0.109932,True
screencap_raw_only,Screenshot (breakdown),clock,8,0.111057,True
screencap_raw_only,Screenshot (breakdown),clock,9,0.111297,True
screencap_raw_only,Screenshot (breakdown),clock,10,0.109194,True
screencap_raw_only,Screenshot (breakdown),clock,11,0.109015,True
screencap_raw_only,Screenshot (breakdown),clock,12,0.123525,True
screencap_raw_only,Screenshot (breakdown),clock,13,0.113794,True
screencap_raw_only,Screenshot (breakdown),clock,14,0.11315,True
screencap_raw_only,Screenshot (breakdown),clock,15,0.114966,True
screencap_raw_only,Screenshot (breakdown),clock,16,0.112086,True
screencap_raw_only,Screenshot (breakdown),clock,17,0.112683,True
screencap_raw_only,Screenshot (breakdown),clock,18,0.109609,True
screencap_raw_only,Screenshot (breakdown),clock,19,0.114431,True
screencap_raw_only,Screenshot (breakdown),clock,20,0.114349,True
screencap_raw_only,Screenshot (breakdown),clock,21,0.111295,True
screencap_raw_only,Screenshot (breakdown),clock,22,0.111631,True
screencap_raw_only,Screenshot (breakdown),clock,23,0.112464,True
screencap_raw_only,Screenshot (breakdown),clock,24,0.111227,True
screencap_raw_only,Screenshot (breakdown),clock,25,0.114279,True
screencap_raw_only,Screenshot (breakdown),clock,26,0.108805,True
screencap_raw_only,Screenshot (breakdown),clock,27,0.118097,True
screencap_raw_only,Screenshot (breakdown),clock,28,0.11075,True
screencap_raw_only,Screenshot (breakdown),clock,29,0.112163,True
screencap_raw_only,Screenshot (breakdown),clock,30,0.112173,True
screencap_raw_only,Screenshot (breakdown),clock,31,0.110628,True
screencap_raw_only,Screenshot (breakdown),clock,32,0.111778,True
screencap_raw_only,Screenshot (breakdown),clock,33,0.111887,True
screencap_raw_only,Screenshot (breakdown),clock,34,0.114206,True
screencap_raw_only,Screenshot (breakdown),clock,35,0.113183,True
screencap_raw_only,Screenshot (breakdown),clock,36,0.111577,True
screencap_raw_only,Screenshot (breakdown),clock,37,0.111514,True
screencap_raw_only,Screenshot (breakdown),clock,38,0.115231,True
screencap_raw_only,Screenshot (breakdown),clock,39,0.113207,True
screencap_raw_only,Screenshot (breakdown),clock,40,0.110478,True
screencap_raw_only,Screenshot (breakdown),clock,41,0.110189,True
screencap_raw_only,Screenshot (breakdown),clock,42,0.110797,True
screencap_raw_only,Screenshot (breakdown),clock,43,0.11315,True
screencap_raw_only,Screenshot (breakdown),clock,44,0.132355,True
screencap_raw_only,Screenshot (breakdown),clock,45,0.112334,True
screencap_raw_only,Screenshot (breakdown),clock,46,0.111708,True
screencap_raw_only,Screenshot (breakdown),clock,47,0.111623,True
screencap_raw_only,Screenshot (breakdown),clock,48,0.11614,True
screencap_raw_only,Screenshot (breakdown),clock,49,0.112398,True
screencap_raw_only,Screenshot (breakdown),clock,50,0.111708,True
screencap_raw_only,Screenshot (breakdown),clock,51,0.111978,True
screencap_raw_only,Screenshot (breakdown),clock,52,0.110677,True
screencap_raw_only,Screenshot (breakdown),clock,53,0.113124,True
screencap_raw_only,Screenshot (breakdown),clock,54,0.110915,True
screencap_raw_only,Screenshot (breakdown),clock,55,0.113135,True
screencap_raw_only,Screenshot (breakdown),clock,56,0.113751,True
screencap_raw_only,Screenshot (breakdown),clock,57,0.110328,True
screencap_raw_only,Screenshot (breakdown),clock,58,0.111675,True
screencap_raw_only,Screenshot (breakdown),clock,59,0.11936,True
screencap_raw_only,Screenshot (breakdown),clock,60,0.11903,True
screencap_raw_only,Screenshot (breakdown),clock,61,0.11133,True
screencap_raw_only,Screenshot (breakdown),clock,62,0.112044,True
screencap_raw_only,Screenshot (breakdown),clock,63,0.1109,True
screencap_raw_only,Screenshot (breakdown),clock,64,0.111964,True
screencap_raw_only,Screenshot (breakdown),clock,65,0.110324,True
screencap_raw_only,Screenshot (breakdown),clock,66,0.110653,True
screencap_raw_only,Screenshot (breakdown),clock,67,0.123741,True
screencap_raw_only,Screenshot (breakdown),clock,68,0.116063,True
screencap_raw_only,Screenshot (breakdown),clock,69,0.112775,True
screencap_raw_only,Screenshot (breakdown),clock,70,0.110646,True
screencap_raw_only,Screenshot (breakdown),clock,71,0.111668,True
screencap_raw_only,Screenshot (breakdown),clock,72,0.112277,True
screencap_raw_only,Screenshot (breakdown),clock,73,0.110433,True
screencap_raw_only,Screenshot (breakdown),clock,74,0.113032,True
screencap_raw_only,Screenshot (breakdown),clock,75,0.110175,True
screencap_raw_only,Screenshot (breakdown),clock,76,0.112242,True
screencap_raw_only,Screenshot (breakdown),clock,77,0.111517,True
screencap_raw_only,Screenshot (breakdown),clock,78,0.111467,True
screencap_raw_only,Screenshot (breakdown),clock,79,0.112389,True
screencap_raw_only,Screenshot (breakdown),clock,80,0.110102,True
screencap_raw_only,Screenshot (breakdown),clock,81,0.114221,True
screencap_raw_only,Screenshot (breakdown),clock,82,0.11052,True
screencap_raw_only,Screenshot (breakdown),clock,83,0.114014,True
screencap_raw_only,Screenshot (breakdown),clock,84,0.111414,True
screencap_raw_only,Screenshot (breakdown),clock,85,0.111123,True
screencap_raw_only,Screenshot (breakdown),clock,86,0.113804,True
screencap_raw_only,Screenshot (breakdown),clock,87,0.112742,True
screencap_raw_only,Screenshot (breakdown),clock,88,0.113162,True
screencap_raw_only,Screenshot (breakdown),clock,89,0.111659,True
screencap_raw_only,Screenshot (breakdown),clock,90,0.111431,True
screencap_raw_only,Screenshot (breakdown),clock,91,0.111233,True
screencap_raw_only,Screenshot (breakdown),clock,92,0.112474,True
screencap_raw_only,Screenshot (breakdown),clock,93,0.113698,True
screencap_raw_only,Screenshot (breakdown),clock,94,0.110444,True
screencap_raw_only,Screenshot (breakdown),clock,95,0.114881,True
screencap_raw_only,Screenshot (breakdown),clock,96,0.11286,True
screencap_raw_only,Screenshot (breakdown),clock,97,0.113411,True
screencap_raw_only,Screenshot (breakdown),clock,98,0.112752,True
screencap_raw_only,Screenshot (breakdown),clock,99,0.111834,True
pull_png_only,Screenshot (breakdown),home,0,0.004026,True
pull_png_only,Screenshot (breakdown),home,1,0.005966,True
pull_png_only,Screenshot (breakdown),home,2,0.005884,True
pull_png_only,Screenshot (breakdown),home,3,0.005492,True
pull_png_only,Screenshot (breakdown),home,4,0.005949,True
pull_png_only,Screenshot (breakdown),home,5,0.005649,True
pull_png_only,Screenshot (breakdown),home,6,0.00603,True
pull_png_only,Screenshot (breakdown),home,7,0.005401,True
pull_png_only,Screenshot (breakdown),home,8,0.005744,True
pull_png_only,Screenshot (breakdown),home,9,0.006495,True
pull_png_only,Screenshot (breakdown),home,10,0.005716,True
pull_png_only,Screenshot (breakdown),home,11,0.005415,True
pull_png_only,Screenshot (breakdown),home,12,0.005763,True
pull_png_only,Screenshot (breakdown),home,13,0.005285,True
pull_png_only,Screenshot (breakdown),home,14,0.005753,True
pull_png_only,Screenshot (breakdown),home,15,0.005677,True
pull_png_only,Screenshot (breakdown),home,16,0.005626,True
pull_png_only,Screenshot (breakdown),home,17,0.005758,True
pull_png_only,Screenshot (breakdown),home,18,0.005499,True
pull_png_only,Screenshot (breakdown),home,19,0.005804,True
pull_png_only,Screenshot (breakdown),home,20,0.005423,True
pull_png_only,Screenshot (breakdown),home,21,0.005936,True
pull_png_only,Screenshot (breakdown),home,22,0.005817,True
pull_png_only,Screenshot (breakdown),home,23,0.005704,True
pull_png_only,Screenshot (breakdown),home,24,0.005455,True
pull_png_only,Screenshot (breakdown),home,25,0.005531,True
pull_png_only,Screenshot (breakdown),home,26,0.005595,True
pull_png_only,Screenshot (breakdown),home,27,0.005666,True
pull_png_only,Screenshot (breakdown),home,28,0.005994,True
pull_png_only,Screenshot (breakdown),home,29,0.005705,True
pull_png_only,Screenshot (breakdown),home,30,0.005824,True
pull_png_only,Screenshot (breakdown),home,31,0.005819,True
pull_png_only,Screenshot (breakdown),home,32,0.005848,True
pull_png_only,Screenshot (breakdown),home,33,0.006327,True
pull_png_only,Screenshot (breakdown),home,34,0.005621,True
pull_png_only,Screenshot (breakdown),home,35,0.005695,True
pull_png_only,Screenshot (breakdown),home,36,0.005636,True
pull_png_only,Screenshot (breakdown),home,37,0.005419,True
pull_png_only,Screenshot (breakdown),home,38,0.005632,True
pull_png_only,Screenshot (breakdown),home,39,0.005823,True
pull_png_only,Screenshot (breakdown),home,40,0.005989,True
pull_png_only,Screenshot (breakdown),home,41,0.005628,True
pull_png_only,Screenshot (breakdown),home,42,0.005795,True
pull_png_only,Screenshot (breakdown),home,43,0.005717,True
pull_png_only,Screenshot (breakdown),home,44,0.005885,True
pull_png_only,Screenshot (breakdown),home,45,0.005568,True
pull_png_only,Screenshot (breakdown),home,46,0.005467,True
pull_png_only,Screenshot (breakdown),home,47,0.005777,True
pull_png_only,Screenshot (breakdown),home,48,0.005447,True
pull_png_only,Screenshot (breakdown),home,49,0.005431,True
pull_png_only,Screenshot (breakdown),home,50,0.005647,True
pull_png_only,Screenshot (breakdown),home,51,0.006205,True
pull_png_only,Screenshot (breakdown),home,52,0.005689,True
pull_png_only,Screenshot (breakdown),home,53,0.005557,True
pull_png_only,Screenshot (breakdown),home,54,0.005654,True
pull_png_only,Screenshot (breakdown),home,55,0.005786,True
pull_png_only,Screenshot (breakdown),home,56,0.005818,True
pull_png_only,Screenshot (breakdown),home,57,0.005804,True
pull_png_only,Screenshot (breakdown),home,58,0.006024,True
pull_png_only,Screenshot (breakdown),home,59,0.005575,True
pull_png_only,Screenshot (breakdown),home,60,0.005802,True
pull_png_only,Screenshot (breakdown),home,61,0.006043,True
pull_png_only,Screenshot (breakdown),home,62,0.005573,True
pull_png_only,Screenshot (breakdown),home,63,0.005596,True
pull_png_only,Screenshot (breakdown),home,64,0.005964,True
pull_png_only,Screenshot (breakdown),home,65,0.005692,True
pull_png_only,Screenshot (breakdown),home,66,0.005782,True
pull_png_only,Screenshot (breakdown),home,67,0.005737,True
pull_png_only,Screenshot (breakdown),home,68,0.006139,True
pull_png_only,Screenshot (breakdown),home,69,0.005622,True
pull_png_only,Screenshot (breakdown),home,70,0.005844,True
pull_png_only,Screenshot (breakdown),home,71,0.006083,True
pull_png_only,Screenshot (breakdown),home,72,0.005484,True
pull_png_only,Screenshot (breakdown),home,73,0.005166,True
pull_png_only,Screenshot (breakdown),home,74,0.00573,True
pull_png_only,Screenshot (breakdown),home,75,0.005603,True
pull_png_only,Screenshot (breakdown),home,76,0.005576,True
pull_png_only,Screenshot (breakdown),home,77,0.005599,True
pull_png_only,Screenshot (breakdown),home,78,0.005336,True
pull_png_only,Screenshot (breakdown),home,79,0.005688,True
pull_png_only,Screenshot (breakdown),home,80,0.005836,True
pull_png_only,Screenshot (breakdown),home,81,0.006608,True
pull_png_only,Screenshot (breakdown),home,82,0.005947,True
pull_png_only,Screenshot (breakdown),home,83,0.005642,True
pull_png_only,Screenshot (breakdown),home,84,0.005554,True
pull_png_only,Screenshot (breakdown),home,85,0.006555,True
pull_png_only,Screenshot (breakdown),home,86,0.005908,True
pull_png_only,Screenshot (breakdown),home,87,0.00572,True
pull_png_only,Screenshot (breakdown),home,88,0.006086,True
pull_png_only,Screenshot (breakdown),home,89,0.005988,True
pull_png_only,Screenshot (breakdown),home,90,0.005553,True
pull_png_only,Screenshot (breakdown),home,91,0.005257,True
pull_png_only,Screenshot (breakdown),home,92,0.00563,True
pull_png_only,Screenshot (breakdown),home,93,0.006558,True
pull_png_only,Screenshot (breakdown),home,94,0.005541,True
pull_png_only,Screenshot (breakdown),home,95,0.005456,True
pull_png_only,Screenshot (breakdown),home,96,0.005735,True
pull_png_only,Screenshot (breakdown),home,97,0.005835,True
pull_png_only,Screenshot (breakdown),home,98,0.005584,True
pull_png_only,Screenshot (breakdown),home,99,0.005871,True
pull_png_only,Screenshot (breakdown),settings_main,0,0.00575,True
pull_png_only,Screenshot (breakdown),settings_main,1,0.005343,True
pull_png_only,Screenshot (breakdown),settings_main,2,0.005724,True
pull_png_only,Screenshot (breakdown),settings_main,3,0.006707,True
pull_png_only,Screenshot (breakdown),settings_main,4,0.005306,True
pull_png_only,Screenshot (breakdown),settings_main,5,0.005371,True
pull_png_only,Screenshot (breakdown),settings_main,6,0.005691,True
pull_png_only,Screenshot (breakdown),settings_main,7,0.005532,True
pull_png_only,Screenshot (breakdown),settings_main,8,0.00609,True
pull_png_only,Screenshot (breakdown),settings_main,9,0.005735,True
pull_png_only,Screenshot (breakdown),settings_main,10,0.005687,True
pull_png_only,Screenshot (breakdown),settings_main,11,0.006253,True
pull_png_only,Screenshot (breakdown),settings_main,12,0.005516,True
pull_png_only,Screenshot (breakdown),settings_main,13,0.005945,True
pull_png_only,Screenshot (breakdown),settings_main,14,0.005449,True
pull_png_only,Screenshot (breakdown),settings_main,15,0.00572,True
pull_png_only,Screenshot (breakdown),settings_main,16,0.00549,True
pull_png_only,Screenshot (breakdown),settings_main,17,0.006325,True
pull_png_only,Screenshot (breakdown),settings_main,18,0.005623,True
pull_png_only,Screenshot (breakdown),settings_main,19,0.005615,True
pull_png_only,Screenshot (breakdown),settings_main,20,0.005561,True
pull_png_only,Screenshot (breakdown),settings_main,21,0.005702,True
pull_png_only,Screenshot (breakdown),settings_main,22,0.005667,True
pull_png_only,Screenshot (breakdown),settings_main,23,0.005257,True
pull_png_only,Screenshot (breakdown),settings_main,24,0.005269,True
pull_png_only,Screenshot (breakdown),settings_main,25,0.005627,True
pull_png_only,Screenshot (breakdown),settings_main,26,0.005339,True
pull_png_only,Screenshot (breakdown),settings_main,27,0.005783,True
pull_png_only,Screenshot (breakdown),settings_main,28,0.005758,True
pull_png_only,Screenshot (breakdown),settings_main,29,0.005274,True
pull_png_only,Screenshot (breakdown),settings_main,30,0.005562,True
pull_png_only,Screenshot (breakdown),settings_main,31,0.005331,True
pull_png_only,Screenshot (breakdown),settings_main,32,0.005874,True
pull_png_only,Screenshot (breakdown),settings_main,33,0.005665,True
pull_png_only,Screenshot (breakdown),settings_main,34,0.00565,True
pull_png_only,Screenshot (breakdown),settings_main,35,0.005989,True
pull_png_only,Screenshot (breakdown),settings_main,36,0.00584,True
pull_png_only,Screenshot (breakdown),settings_main,37,0.005403,True
pull_png_only,Screenshot (breakdown),settings_main,38,0.00547,True
pull_png_only,Screenshot (breakdown),settings_main,39,0.005645,True
pull_png_only,Screenshot (breakdown),settings_main,40,0.005588,True
pull_png_only,Screenshot (breakdown),settings_main,41,0.005604,True
pull_png_only,Screenshot (breakdown),settings_main,42,0.006013,True
pull_png_only,Screenshot (breakdown),settings_main,43,0.005414,True
pull_png_only,Screenshot (breakdown),settings_main,44,0.005837,True
pull_png_only,Screenshot (breakdown),settings_main,45,0.005345,True
pull_png_only,Screenshot (breakdown),settings_main,46,0.006292,True
pull_png_only,Screenshot (breakdown),settings_main,47,0.005485,True
pull_png_only,Screenshot (breakdown),settings_main,48,0.005466,True
pull_png_only,Screenshot (breakdown),settings_main,49,0.005494,True
pull_png_only,Screenshot (breakdown),settings_main,50,0.005801,True
pull_png_only,Screenshot (breakdown),settings_main,51,0.005882,True
pull_png_only,Screenshot (breakdown),settings_main,52,0.005249,True
pull_png_only,Screenshot (breakdown),settings_main,53,0.00539,True
pull_png_only,Screenshot (breakdown),settings_main,54,0.005451,True
pull_png_only,Screenshot (breakdown),settings_main,55,0.005657,True
pull_png_only,Screenshot (breakdown),settings_main,56,0.00544,True
pull_png_only,Screenshot (breakdown),settings_main,57,0.005814,True
pull_png_only,Screenshot (breakdown),settings_main,58,0.005651,True
pull_png_only,Screenshot (breakdown),settings_main,59,0.005459,True
pull_png_only,Screenshot (breakdown),settings_main,60,0.005794,True
pull_png_only,Screenshot (breakdown),settings_main,61,0.005574,True
pull_png_only,Screenshot (breakdown),settings_main,62,0.005941,True
pull_png_only,Screenshot (breakdown),settings_main,63,0.005612,True
pull_png_only,Screenshot (breakdown),settings_main,64,0.005494,True
pull_png_only,Screenshot (breakdown),settings_main,65,0.005634,True
pull_png_only,Screenshot (breakdown),settings_main,66,0.005607,True
pull_png_only,Screenshot (breakdown),settings_main,67,0.005439,True
pull_png_only,Screenshot (breakdown),settings_main,68,0.005577,True
pull_png_only,Screenshot (breakdown),settings_main,69,0.005467,True
pull_png_only,Screenshot (breakdown),settings_main,70,0.00619,True
pull_png_only,Screenshot (breakdown),settings_main,71,0.005781,True
pull_png_only,Screenshot (breakdown),settings_main,72,0.005502,True
pull_png_only,Screenshot (breakdown),settings_main,73,0.005783,True
pull_png_only,Screenshot (breakdown),settings_main,74,0.006525,True
pull_png_only,Screenshot (breakdown),settings_main,75,0.005755,True
pull_png_only,Screenshot (breakdown),settings_main,76,0.005409,True
pull_png_only,Screenshot (breakdown),settings_main,77,0.005604,True
pull_png_only,Screenshot (breakdown),settings_main,78,0.005507,True
pull_png_only,Screenshot (breakdown),settings_main,79,0.005648,True
pull_png_only,Screenshot (breakdown),settings_main,80,0.00573,True
pull_png_only,Screenshot (breakdown),settings_main,81,0.005644,True
pull_png_only,Screenshot (breakdown),settings_main,82,0.005151,True
pull_png_only,Screenshot (breakdown),settings_main,83,0.005352,True
pull_png_only,Screenshot (breakdown),settings_main,84,0.006105,True
pull_png_only,Screenshot (breakdown),settings_main,85,0.005442,True
pull_png_only,Screenshot (breakdown),settings_main,86,0.005521,True
pull_png_only,Screenshot (breakdown),settings_main,87,0.005248,True
pull_png_only,Screenshot (breakdown),settings_main,88,0.006031,True
pull_png_only,Screenshot (breakdown),settings_main,89,0.005604,True
pull_png_only,Screenshot (breakdown),settings_main,90,0.005542,True
pull_png_only,Screenshot (breakdown),settings_main,91,0.005918,True
pull_png_only,Screenshot (breakdown),settings_main,92,0.00572,True
pull_png_only,Screenshot (breakdown),settings_main,93,0.005779,True
pull_png_only,Screenshot (breakdown),settings_main,94,0.005624,True
pull_png_only,Screenshot (breakdown),settings_main,95,0.005557,True
pull_png_only,Screenshot (breakdown),settings_main,96,0.005869,True
pull_png_only,Screenshot (breakdown),settings_main,97,0.005412,True
pull_png_only,Screenshot (breakdown),settings_main,98,0.00563,True
pull_png_only,Screenshot (breakdown),settings_main,99,0.005524,True
pull_png_only,Screenshot (breakdown),clock,0,0.004212,True
pull_png_only,Screenshot (breakdown),clock,1,0.005785,True
pull_png_only,Screenshot (breakdown),clock,2,0.005765,True
pull_png_only,Screenshot (breakdown),clock,3,0.005484,True
pull_png_only,Screenshot (breakdown),clock,4,0.005072,True
pull_png_only,Screenshot (breakdown),clock,5,0.00557,True
pull_png_only,Screenshot (breakdown),clock,6,0.005569,True
pull_png_only,Screenshot (breakdown),clock,7,0.005964,True
pull_png_only,Screenshot (breakdown),clock,8,0.005367,True
pull_png_only,Screenshot (breakdown),clock,9,0.005913,True
pull_png_only,Screenshot (breakdown),clock,10,0.005566,True
pull_png_only,Screenshot (breakdown),clock,11,0.00549,True
pull_png_only,Screenshot (breakdown),clock,12,0.005988,True
pull_png_only,Screenshot (breakdown),clock,13,0.005732,True
pull_png_only,Screenshot (breakdown),clock,14,0.005229,True
pull_png_only,Screenshot (breakdown),clock,15,0.005485,True
pull_png_only,Screenshot (breakdown),clock,16,0.005475,True
pull_png_only,Screenshot (breakdown),clock,17,0.005389,True
pull_png_only,Screenshot (breakdown),clock,18,0.005875,True
pull_png_only,Screenshot (breakdown),clock,19,0.005415,True
pull_png_only,Screenshot (breakdown),clock,20,0.005746,True
pull_png_only,Screenshot (breakdown),clock,21,0.005707,True
pull_png_only,Screenshot (breakdown),clock,22,0.0058,True
pull_png_only,Screenshot (breakdown),clock,23,0.00555,True
pull_png_only,Screenshot (breakdown),clock,24,0.005662,True
pull_png_only,Screenshot (breakdown),clock,25,0.00527,True
pull_png_only,Screenshot (breakdown),clock,26,0.005861,True
pull_png_only,Screenshot (breakdown),clock,27,0.005559,True
pull_png_only,Screenshot (breakdown),clock,28,0.005813,True
pull_png_only,Screenshot (breakdown),clock,29,0.005459,True
pull_png_only,Screenshot (breakdown),clock,30,0.005482,True
pull_png_only,Screenshot (breakdown),clock,31,0.00568,True
pull_png_only,Screenshot (breakdown),clock,32,0.005619,True
pull_png_only,Screenshot (breakdown),clock,33,0.005441,True
pull_png_only,Screenshot (breakdown),clock,34,0.00548,True
pull_png_only,Screenshot (breakdown),clock,35,0.006119,True
pull_png_only,Screenshot (breakdown),clock,36,0.005682,True
pull_png_only,Screenshot (breakdown),clock,37,0.0054,True
pull_png_only,Screenshot (breakdown),clock,38,0.005449,True
pull_png_only,Screenshot (breakdown),clock,39,0.005386,True
pull_png_only,Screenshot (breakdown),clock,40,0.005613,True
pull_png_only,Screenshot (breakdown),clock,41,0.005603,True
pull_png_only,Screenshot (breakdown),clock,42,0.005582,True
pull_png_only,Screenshot (breakdown),clock,43,0.005707,True
pull_png_only,Screenshot (breakdown),clock,44,0.00552,True
pull_png_only,Screenshot (breakdown),clock,45,0.006236,True
pull_png_only,Screenshot (breakdown),clock,46,0.00553,True
pull_png_only,Screenshot (breakdown),clock,47,0.005668,True
pull_png_only,Screenshot (breakdown),clock,48,0.005456,True
pull_png_only,Screenshot (breakdown),clock,49,0.005933,True
pull_png_only,Screenshot (breakdown),clock,50,0.006294,True
pull_png_only,Screenshot (breakdown),clock,51,0.005982,True
pull_png_only,Screenshot (breakdown),clock,52,0.00566,True
pull_png_only,Screenshot (breakdown),clock,53,0.005938,True
pull_png_only,Screenshot (breakdown),clock,54,0.005758,True
pull_png_only,Screenshot (breakdown),clock,55,0.005782,True
pull_png_only,Screenshot (breakdown),clock,56,0.005431,True
pull_png_only,Screenshot (breakdown),clock,57,0.005427,True
pull_png_only,Screenshot (breakdown),clock,58,0.005853,True
pull_png_only,Screenshot (breakdown),clock,59,0.005975,True
pull_png_only,Screenshot (breakdown),clock,60,0.005741,True
pull_png_only,Screenshot (breakdown),clock,61,0.005671,True
pull_png_only,Screenshot (breakdown),clock,62,0.005802,True
pull_png_only,Screenshot (breakdown),clock,63,0.005407,True
pull_png_only,Screenshot (breakdown),clock,64,0.005787,True
pull_png_only,Screenshot (breakdown),clock,65,0.005489,True
pull_png_only,Screenshot (breakdown),clock,66,0.005262,True
pull_png_only,Screenshot (breakdown),clock,67,0.005819,True
pull_png_only,Screenshot (breakdown),clock,68,0.005861,True
pull_png_only,Screenshot (breakdown),clock,69,0.005709,True
pull_png_only,Screenshot (breakdown),clock,70,0.005652,True
pull_png_only,Screenshot (breakdown),clock,71,0.00548,True
pull_png_only,Screenshot (breakdown),clock,72,0.005616,True
pull_png_only,Screenshot (breakdown),clock,73,0.006196,True
pull_png_only,Screenshot (breakdown),clock,74,0.005625,True
pull_png_only,Screenshot (breakdown),clock,75,0.005829,True
pull_png_only,Screenshot (breakdown),clock,76,0.006037,True
pull_png_only,Screenshot (breakdown),clock,77,0.005645,True
pull_png_only,Screenshot (breakdown),clock,78,0.005658,True
pull_png_only,Screenshot (breakdown),clock,79,0.00584,True
pull_png_only,Screenshot (breakdown),clock,80,0.00531,True
pull_png_only,Screenshot (breakdown),clock,81,0.005568,True
pull_png_only,Screenshot (breakdown),clock,82,0.005374,True
pull_png_only,Screenshot (breakdown),clock,83,0.006007,True
pull_png_only,Screenshot (breakdown),clock,84,0.005288,True
pull_png_only,Screenshot (breakdown),clock,85,0.00555,True
pull_png_only,Screenshot (breakdown),clock,86,0.005873,True
pull_png_only,Screenshot (breakdown),clock,87,0.006095,True
pull_png_only,Screenshot (breakdown),clock,88,0.005509,True
pull_png_only,Screenshot (breakdown),clock,89,0.005833,True
pull_png_only,Screenshot (breakdown),clock,90,0.0055,True
pull_png_only,Screenshot (breakdown),clock,91,0.00573,True
pull_png_only,Screenshot (breakdown),clock,92,0.005391,True
pull_png_only,Screenshot (breakdown),clock,93,0.005238,True
pull_png_only,Screenshot (breakdown),clock,94,0.005471,True
pull_png_only,Screenshot (breakdown),clock,95,0.005487,True
pull_png_only,Screenshot (breakdown),clock,96,0.005529,True
pull_png_only,Screenshot (breakdown),clock,97,0.005952,True
pull_png_only,Screenshot (breakdown),clock,98,0.00556,True
pull_png_only,Screenshot (breakdown),clock,99,0.005553,True
pull_raw_only,Screenshot (breakdown),home,0,0.04263,True
pull_raw_only,Screenshot (breakdown),home,1,0.043052,True
pull_raw_only,Screenshot (breakdown),home,2,0.04206,True
pull_raw_only,Screenshot (breakdown),home,3,0.04423,True
pull_raw_only,Screenshot (breakdown),home,4,0.042729,True
pull_raw_only,Screenshot (breakdown),home,5,0.042205,True
pull_raw_only,Screenshot (breakdown),home,6,0.04262,True
pull_raw_only,Screenshot (breakdown),home,7,0.044047,True
pull_raw_only,Screenshot (breakdown),home,8,0.042867,True
pull_raw_only,Screenshot (breakdown),home,9,0.041974,True
pull_raw_only,Screenshot (breakdown),home,10,0.045257,True
pull_raw_only,Screenshot (breakdown),home,11,0.043521,True
pull_raw_only,Screenshot (breakdown),home,12,0.042777,True
pull_raw_only,Screenshot (breakdown),home,13,0.043428,True
pull_raw_only,Screenshot (breakdown),home,14,0.042881,True
pull_raw_only,Screenshot (breakdown),home,15,0.043277,True
pull_raw_only,Screenshot (breakdown),home,16,0.042706,True
pull_raw_only,Screenshot (breakdown),home,17,0.044025,True
pull_raw_only,Screenshot (breakdown),home,18,0.045655,True
pull_raw_only,Screenshot (breakdown),home,19,0.048524,True
pull_raw_only,Screenshot (breakdown),home,20,0.048105,True
pull_raw_only,Screenshot (breakdown),home,21,0.047593,True
pull_raw_only,Screenshot (breakdown),home,22,0.046229,True
pull_raw_only,Screenshot (breakdown),home,23,0.047143,True
pull_raw_only,Screenshot (breakdown),home,24,0.043538,True
pull_raw_only,Screenshot (breakdown),home,25,0.047434,True
pull_raw_only,Screenshot (breakdown),home,26,0.045706,True
pull_raw_only,Screenshot (breakdown),home,27,0.045793,True
pull_raw_only,Screenshot (breakdown),home,28,0.043946,True
pull_raw_only,Screenshot (breakdown),home,29,0.041891,True
pull_raw_only,Screenshot (breakdown),home,30,0.043469,True
pull_raw_only,Screenshot (breakdown),home,31,0.043746,True
pull_raw_only,Screenshot (breakdown),home,32,0.045062,True
pull_raw_only,Screenshot (breakdown),home,33,0.043157,True
pull_raw_only,Screenshot (breakdown),home,34,0.047271,True
pull_raw_only,Screenshot (breakdown),home,35,0.040282,True
pull_raw_only,Screenshot (breakdown),home,36,0.040383,True
pull_raw_only,Screenshot (breakdown),home,37,0.047439,True
pull_raw_only,Screenshot (breakdown),home,38,0.086528,True
pull_raw_only,Screenshot (breakdown),home,39,0.042747,True
pull_raw_only,Screenshot (breakdown),home,40,0.085182,True
pull_raw_only,Screenshot (breakdown),home,41,0.043352,True
pull_raw_only,Screenshot (breakdown),home,42,0.043454,True
pull_raw_only,Screenshot (breakdown),home,43,0.042181,True
pull_raw_only,Screenshot (breakdown),home,44,0.043391,True
pull_raw_only,Screenshot (breakdown),home,45,0.087106,True
pull_raw_only,Screenshot (breakdown),home,46,0.04302,True
pull_raw_only,Screenshot (breakdown),home,47,0.044279,True
pull_raw_only,Screenshot (breakdown),home,48,0.04259,True
pull_raw_only,Screenshot (breakdown),home,49,0.04312,True
pull_raw_only,Screenshot (breakdown),home,50,0.043388,True
pull_raw_only,Screenshot (breakdown),home,51,0.043764,True
pull_raw_only,Screenshot (breakdown),home,52,0.045015,True
pull_raw_only,Screenshot (breakdown),home,53,0.043504,True
pull_raw_only,Screenshot (breakdown),home,54,0.043657,True
pull_raw_only,Screenshot (breakdown),home,55,0.043449,True
pull_raw_only,Screenshot (breakdown),home,56,0.044134,True
pull_raw_only,Screenshot (breakdown),home,57,0.044604,True
pull_raw_only,Screenshot (breakdown),home,58,0.042435,True
pull_raw_only,Screenshot (breakdown),home,59,0.043209,True
pull_raw_only,Screenshot (breakdown),home,60,0.043579,True
pull_raw_only,Screenshot (breakdown),home,61,0.043339,True
pull_raw_only,Screenshot (breakdown),home,62,0.044503,True
pull_raw_only,Screenshot (breakdown),home,63,0.044645,True
pull_raw_only,Screenshot (breakdown),home,64,0.042705,True
pull_raw_only,Screenshot (breakdown),home,65,0.043355,True
pull_raw_only,Screenshot (breakdown),home,66,0.044085,True
pull_raw_only,Screenshot (breakdown),home,67,0.04311,True
pull_raw_only,Screenshot (breakdown),home,68,0.04574,True
pull_raw_only,Screenshot (breakdown),home,69,0.041789,True
pull_raw_only,Screenshot (breakdown),home,70,0.042703,True
pull_raw_only,Screenshot (breakdown),home,71,0.043161,True
pull_raw_only,Screenshot (breakdown),home,72,0.043821,True
pull_raw_only,Screenshot (breakdown),home,73,0.04458,True
pull_raw_only,Screenshot (breakdown),home,74,0.043519,True
pull_raw_only,Screenshot (breakdown),home,75,0.044374,True
pull_raw_only,Screenshot (breakdown),home,76,0.045044,True
pull_raw_only,Screenshot (breakdown),home,77,0.040771,True
pull_raw_only,Screenshot (breakdown),home,78,0.044372,True
pull_raw_only,Screenshot (breakdown),home,79,0.045188,True
pull_raw_only,Screenshot (breakdown),home,80,0.044899,True
pull_raw_only,Screenshot (breakdown),home,81,0.042878,True
pull_raw_only,Screenshot (breakdown),home,82,0.045116,True
pull_raw_only,Screenshot (breakdown),home,83,0.045918,True
pull_raw_only,Screenshot (breakdown),home,84,0.042533,True
pull_raw_only,Screenshot (breakdown),home,85,0.043824,True
pull_raw_only,Screenshot (breakdown),home,86,0.041701,True
pull_raw_only,Screenshot (breakdown),home,87,0.043881,True
pull_raw_only,Screenshot (breakdown),home,88,0.042983,True
pull_raw_only,Screenshot (breakdown),home,89,0.044064,True
pull_raw_only,Screenshot (breakdown),home,90,0.041725,True
pull_raw_only,Screenshot (breakdown),home,91,0.045082,True
pull_raw_only,Screenshot (breakdown),home,92,0.043589,True
pull_raw_only,Screenshot (breakdown),home,93,0.041375,True
pull_raw_only,Screenshot (breakdown),home,94,0.04151,True
pull_raw_only,Screenshot (breakdown),home,95,0.042136,True
pull_raw_only,Screenshot (breakdown),home,96,0.043614,True
pull_raw_only,Screenshot (breakdown),home,97,0.042785,True
pull_raw_only,Screenshot (breakdown),home,98,0.043657,True
pull_raw_only,Screenshot (breakdown),home,99,0.043605,True
pull_raw_only,Screenshot (breakdown),settings_main,0,0.046468,True
pull_raw_only,Screenshot (breakdown),settings_main,1,0.046391,True
pull_raw_only,Screenshot (breakdown),settings_main,2,0.043532,True
pull_raw_only,Screenshot (breakdown),settings_main,3,0.045519,True
pull_raw_only,Screenshot (breakdown),settings_main,4,0.04274,True
pull_raw_only,Screenshot (breakdown),settings_main,5,0.042546,True
pull_raw_only,Screenshot (breakdown),settings_main,6,0.044081,True
pull_raw_only,Screenshot (breakdown),settings_main,7,0.043753,True
pull_raw_only,Screenshot (breakdown),settings_main,8,0.044337,True
pull_raw_only,Screenshot (breakdown),settings_main,9,0.043148,True
pull_raw_only,Screenshot (breakdown),settings_main,10,0.041097,True
pull_raw_only,Screenshot (breakdown),settings_main,11,0.045094,True
pull_raw_only,Screenshot (breakdown),settings_main,12,0.044391,True
pull_raw_only,Screenshot (breakdown),settings_main,13,0.04489,True
pull_raw_only,Screenshot (breakdown),settings_main,14,0.043246,True
pull_raw_only,Screenshot (breakdown),settings_main,15,0.085098,True
pull_raw_only,Screenshot (breakdown),settings_main,16,0.040283,True
pull_raw_only,Screenshot (breakdown),settings_main,17,0.083451,True
pull_raw_only,Screenshot (breakdown),settings_main,18,0.043736,True
pull_raw_only,Screenshot (breakdown),settings_main,19,0.042787,True
pull_raw_only,Screenshot (breakdown),settings_main,20,0.04221,True
pull_raw_only,Screenshot (breakdown),settings_main,21,0.043875,True
pull_raw_only,Screenshot (breakdown),settings_main,22,0.043996,True
pull_raw_only,Screenshot (breakdown),settings_main,23,0.045323,True
pull_raw_only,Screenshot (breakdown),settings_main,24,0.097618,True
pull_raw_only,Screenshot (breakdown),settings_main,25,0.074262,True
pull_raw_only,Screenshot (breakdown),settings_main,26,0.057514,True
pull_raw_only,Screenshot (breakdown),settings_main,27,0.059734,True
pull_raw_only,Screenshot (breakdown),settings_main,28,0.091962,True
pull_raw_only,Screenshot (breakdown),settings_main,29,0.057418,True
pull_raw_only,Screenshot (breakdown),settings_main,30,0.06169,True
pull_raw_only,Screenshot (breakdown),settings_main,31,0.057239,True
pull_raw_only,Screenshot (breakdown),settings_main,32,0.051063,True
pull_raw_only,Screenshot (breakdown),settings_main,33,0.045889,True
pull_raw_only,Screenshot (breakdown),settings_main,34,0.049677,True
pull_raw_only,Screenshot (breakdown),settings_main,35,0.045038,True
pull_raw_only,Screenshot (breakdown),settings_main,36,0.04601,True
pull_raw_only,Screenshot (breakdown),settings_main,37,0.044812,True
pull_raw_only,Screenshot (breakdown),settings_main,38,0.043254,True
pull_raw_only,Screenshot (breakdown),settings_main,39,0.04153,True
pull_raw_only,Screenshot (breakdown),settings_main,40,0.043171,True
pull_raw_only,Screenshot (breakdown),settings_main,41,0.041787,True
pull_raw_only,Screenshot (breakdown),settings_main,42,0.043807,True
pull_raw_only,Screenshot (breakdown),settings_main,43,0.045592,True
pull_raw_only,Screenshot (breakdown),settings_main,44,0.044109,True
pull_raw_only,Screenshot (breakdown),settings_main,45,0.043442,True
pull_raw_only,Screenshot (breakdown),settings_main,46,0.041148,True
pull_raw_only,Screenshot (breakdown),settings_main,47,0.044388,True
pull_raw_only,Screenshot (breakdown),settings_main,48,0.044733,True
pull_raw_only,Screenshot (breakdown),settings_main,49,0.045519,True
pull_raw_only,Screenshot (breakdown),settings_main,50,0.045431,True
pull_raw_only,Screenshot (breakdown),settings_main,51,0.047384,True
pull_raw_only,Screenshot (breakdown),settings_main,52,0.046613,True
pull_raw_only,Screenshot (breakdown),settings_main,53,0.0459,True
pull_raw_only,Screenshot (breakdown),settings_main,54,0.047383,True
pull_raw_only,Screenshot (breakdown),settings_main,55,0.044082,True
pull_raw_only,Screenshot (breakdown),settings_main,56,0.04389,True
pull_raw_only,Screenshot (breakdown),settings_main,57,0.092239,True
pull_raw_only,Screenshot (breakdown),settings_main,58,0.042809,True
pull_raw_only,Screenshot (breakdown),settings_main,59,0.044136,True
pull_raw_only,Screenshot (breakdown),settings_main,60,0.045233,True
pull_raw_only,Screenshot (breakdown),settings_main,61,0.044412,True
pull_raw_only,Screenshot (breakdown),settings_main,62,0.043253,True
pull_raw_only,Screenshot (breakdown),settings_main,63,0.042768,True
pull_raw_only,Screenshot (breakdown),settings_main,64,0.044431,True
pull_raw_only,Screenshot (breakdown),settings_main,65,0.043405,True
pull_raw_only,Screenshot (breakdown),settings_main,66,0.042757,True
pull_raw_only,Screenshot (breakdown),settings_main,67,0.08989,True
pull_raw_only,Screenshot (breakdown),settings_main,68,0.04306,True
pull_raw_only,Screenshot (breakdown),settings_main,69,0.042733,True
pull_raw_only,Screenshot (breakdown),settings_main,70,0.044014,True
pull_raw_only,Screenshot (breakdown),settings_main,71,0.042167,True
pull_raw_only,Screenshot (breakdown),settings_main,72,0.044255,True
pull_raw_only,Screenshot (breakdown),settings_main,73,0.041934,True
pull_raw_only,Screenshot (breakdown),settings_main,74,0.044317,True
pull_raw_only,Screenshot (breakdown),settings_main,75,0.043471,True
pull_raw_only,Screenshot (breakdown),settings_main,76,0.042668,True
pull_raw_only,Screenshot (breakdown),settings_main,77,0.0439,True
pull_raw_only,Screenshot (breakdown),settings_main,78,0.044675,True
pull_raw_only,Screenshot (breakdown),settings_main,79,0.043508,True
pull_raw_only,Screenshot (breakdown),settings_main,80,0.040722,True
pull_raw_only,Screenshot (breakdown),settings_main,81,0.041401,True
pull_raw_only,Screenshot (breakdown),settings_main,82,0.043502,True
pull_raw_only,Screenshot (breakdown),settings_main,83,0.04278,True
pull_raw_only,Screenshot (breakdown),settings_main,84,0.044601,True
pull_raw_only,Screenshot (breakdown),settings_main,85,0.044983,True
pull_raw_only,Screenshot (breakdown),settings_main,86,0.04469,True
pull_raw_only,Screenshot (breakdown),settings_main,87,0.043887,True
pull_raw_only,Screenshot (breakdown),settings_main,88,0.04336,True
pull_raw_only,Screenshot (breakdown),settings_main,89,0.044499,True
pull_raw_only,Screenshot (breakdown),settings_main,90,0.044109,True
pull_raw_only,Screenshot (breakdown),settings_main,91,0.044227,True
pull_raw_only,Screenshot (breakdown),settings_main,92,0.044278,True
pull_raw_only,Screenshot (breakdown),settings_main,93,0.089979,True
pull_raw_only,Screenshot (breakdown),settings_main,94,0.07086,True
pull_raw_only,Screenshot (breakdown),settings_main,95,0.044763,True
pull_raw_only,Screenshot (breakdown),settings_main,96,0.044093,True
pull_raw_only,Screenshot (breakdown),settings_main,97,0.043139,True
pull_raw_only,Screenshot (breakdown),settings_main,98,0.044262,True
pull_raw_only,Screenshot (breakdown),settings_main,99,0.046259,True
pull_raw_only,Screenshot (breakdown),clock,0,0.048831,True
pull_raw_only,Screenshot (breakdown),clock,1,0.046151,True
pull_raw_only,Screenshot (breakdown),clock,2,0.047389,True
pull_raw_only,Screenshot (breakdown),clock,3,0.047823,True
pull_raw_only,Screenshot (breakdown),clock,4,0.046246,True
pull_raw_only,Screenshot (breakdown),clock,5,0.043993,True
pull_raw_only,Screenshot (breakdown),clock,6,0.044488,True
pull_raw_only,Screenshot (breakdown),clock,7,0.043307,True
pull_raw_only,Screenshot (breakdown),clock,8,0.044372,True
pull_raw_only,Screenshot (breakdown),clock,9,0.054348,True
pull_raw_only,Screenshot (breakdown),clock,10,0.057065,True
pull_raw_only,Screenshot (breakdown),clock,11,0.045723,True
pull_raw_only,Screenshot (breakdown),clock,12,0.044647,True
pull_raw_only,Screenshot (breakdown),clock,13,0.042629,True
pull_raw_only,Screenshot (breakdown),clock,14,0.042934,True
pull_raw_only,Screenshot (breakdown),clock,15,0.043815,True
pull_raw_only,Screenshot (breakdown),clock,16,0.045647,True
pull_raw_only,Screenshot (breakdown),clock,17,0.048356,True
pull_raw_only,Screenshot (breakdown),clock,18,0.043126,True
pull_raw_only,Screenshot (breakdown),clock,19,0.042068,True
pull_raw_only,Screenshot (breakdown),clock,20,0.044829,True
pull_raw_only,Screenshot (breakdown),clock,21,0.045783,True
pull_raw_only,Screenshot (breakdown),clock,22,0.045259,True
pull_raw_only,Screenshot (breakdown),clock,23,0.045479,True
pull_raw_only,Screenshot (breakdown),clock,24,0.043619,True
pull_raw_only,Screenshot (breakdown),clock,25,0.045382,True
pull_raw_only,Screenshot (breakdown),clock,26,0.04379,True
pull_raw_only,Screenshot (breakdown),clock,27,0.04434,True
pull_raw_only,Screenshot (breakdown),clock,28,0.044755,True
pull_raw_only,Screenshot (breakdown),clock,29,0.046313,True
pull_raw_only,Screenshot (breakdown),clock,30,0.044197,True
pull_raw_only,Screenshot (breakdown),clock,31,0.04478,True
pull_raw_only,Screenshot (breakdown),clock,32,0.045738,True
pull_raw_only,Screenshot (breakdown),clock,33,0.043498,True
pull_raw_only,Screenshot (breakdown),clock,34,0.04295,True
pull_raw_only,Screenshot (breakdown),clock,35,0.042945,True
pull_raw_only,Screenshot (breakdown),clock,36,0.044468,True
pull_raw_only,Screenshot (breakdown),clock,37,0.043836,True
pull_raw_only,Screenshot (breakdown),clock,38,0.043172,True
pull_raw_only,Screenshot (breakdown),clock,39,0.043764,True
pull_raw_only,Screenshot (breakdown),clock,40,0.044334,True
pull_raw_only,Screenshot (breakdown),clock,41,0.043882,True
pull_raw_only,Screenshot (breakdown),clock,42,0.044318,True
pull_raw_only,Screenshot (breakdown),clock,43,0.043032,True
pull_raw_only,Screenshot (breakdown),clock,44,0.042805,True
pull_raw_only,Screenshot (breakdown),clock,45,0.043643,True
pull_raw_only,Screenshot (breakdown),clock,46,0.043166,True
pull_raw_only,Screenshot (breakdown),clock,47,0.043997,True
pull_raw_only,Screenshot (breakdown),clock,48,0.044943,True
pull_raw_only,Screenshot (breakdown),clock,49,0.04348,True
pull_raw_only,Screenshot (breakdown),clock,50,0.044095,True
pull_raw_only,Screenshot (breakdown),clock,51,0.085369,True
pull_raw_only,Screenshot (breakdown),clock,52,0.043818,True
pull_raw_only,Screenshot (breakdown),clock,53,0.044527,True
pull_raw_only,Screenshot (breakdown),clock,54,0.043231,True
pull_raw_only,Screenshot (breakdown),clock,55,0.043486,True
pull_raw_only,Screenshot (breakdown),clock,56,0.044474,True
pull_raw_only,Screenshot (breakdown),clock,57,0.041593,True
pull_raw_only,Screenshot (breakdown),clock,58,0.045397,True
pull_raw_only,Screenshot (breakdown),clock,59,0.044867,True
pull_raw_only,Screenshot (breakdown),clock,60,0.04388,True
pull_raw_only,Screenshot (breakdown),clock,61,0.043831,True
pull_raw_only,Screenshot (breakdown),clock,62,0.046452,True
pull_raw_only,Screenshot (breakdown),clock,63,0.044802,True
pull_raw_only,Screenshot (breakdown),clock,64,0.04387,True
pull_raw_only,Screenshot (breakdown),clock,65,0.045106,True
pull_raw_only,Screenshot (breakdown),clock,66,0.044041,True
pull_raw_only,Screenshot (breakdown),clock,67,0.043384,True
pull_raw_only,Screenshot (breakdown),clock,68,0.043039,True
pull_raw_only,Screenshot (breakdown),clock,69,0.040572,True
pull_raw_only,Screenshot (breakdown),clock,70,0.041567,True
pull_raw_only,Screenshot (breakdown),clock,71,0.040889,True
pull_raw_only,Screenshot (breakdown),clock,72,0.043697,True
pull_raw_only,Screenshot (breakdown),clock,73,0.044222,True
pull_raw_only,Screenshot (breakdown),clock,74,0.042942,True
pull_raw_only,Screenshot (breakdown),clock,75,0.044879,True
pull_raw_only,Screenshot (breakdown),clock,76,0.044272,True
pull_raw_only,Screenshot (breakdown),clock,77,0.04278,True
pull_raw_only,Screenshot (breakdown),clock,78,0.044376,True
pull_raw_only,Screenshot (breakdown),clock,79,0.04449,True
pull_raw_only,Screenshot (breakdown),clock,80,0.042691,True
pull_raw_only,Screenshot (breakdown),clock,81,0.045323,True
pull_raw_only,Screenshot (breakdown),clock,82,0.046112,True
pull_raw_only,Screenshot (breakdown),clock,83,0.045843,True
pull_raw_only,Screenshot (breakdown),clock,84,0.050619,True
pull_raw_only,Screenshot (breakdown),clock,85,0.050289,True
pull_raw_only,Screenshot (breakdown),clock,86,0.046923,True
pull_raw_only,Screenshot (breakdown),clock,87,0.043856,True
pull_raw_only,Screenshot (breakdown),clock,88,0.041911,True
pull_raw_only,Screenshot (breakdown),clock,89,0.043425,True
pull_raw_only,Screenshot (breakdown),clock,90,0.043263,True
pull_raw_only,Screenshot (breakdown),clock,91,0.043308,True
pull_raw_only,Screenshot (breakdown),clock,92,0.044819,True
pull_raw_only,Screenshot (breakdown),clock,93,0.04652,True
pull_raw_only,Screenshot (breakdown),clock,94,0.043962,True
pull_raw_only,Screenshot (breakdown),clock,95,0.042531,True
pull_raw_only,Screenshot (breakdown),clock,96,0.043716,True
pull_raw_only,Screenshot (breakdown),clock,97,0.0432,True
pull_raw_only,Screenshot (breakdown),clock,98,0.042927,True
pull_raw_only,Screenshot (breakdown),clock,99,0.043848,True
a11y_uiautomator_dump,A11y Tree,home,0,1.985515,True
a11y_uiautomator_dump,A11y Tree,home,1,1.980479,True
a11y_uiautomator_dump,A11y Tree,home,2,1.989904,True
a11y_uiautomator_dump,A11y Tree,home,3,1.998023,True
a11y_uiautomator_dump,A11y Tree,home,4,1.986211,True
a11y_uiautomator_dump,A11y Tree,home,5,1.998806,True
a11y_uiautomator_dump,A11y Tree,home,6,1.991554,True
a11y_uiautomator_dump,A11y Tree,home,7,1.988988,True
a11y_uiautomator_dump,A11y Tree,home,8,1.985845,True
a11y_uiautomator_dump,A11y Tree,home,9,1.993016,True
a11y_uiautomator_dump,A11y Tree,home,10,1.989628,True
a11y_uiautomator_dump,A11y Tree,home,11,1.990472,True
a11y_uiautomator_dump,A11y Tree,home,12,1.991059,True
a11y_uiautomator_dump,A11y Tree,home,13,1.987578,True
a11y_uiautomator_dump,A11y Tree,home,14,1.990153,True
a11y_uiautomator_dump,A11y Tree,home,15,1.98489,True
a11y_uiautomator_dump,A11y Tree,home,16,1.998783,True
a11y_uiautomator_dump,A11y Tree,home,17,1.986387,True
a11y_uiautomator_dump,A11y Tree,home,18,1.992308,True
a11y_uiautomator_dump,A11y Tree,home,19,1.985315,True
a11y_uiautomator_dump,A11y Tree,home,20,1.986025,True
a11y_uiautomator_dump,A11y Tree,home,21,1.992048,True
a11y_uiautomator_dump,A11y Tree,home,22,1.988912,True
a11y_uiautomator_dump,A11y Tree,home,23,1.990395,True
a11y_uiautomator_dump,A11y Tree,home,24,1.985019,True
a11y_uiautomator_dump,A11y Tree,home,25,1.990006,True
a11y_uiautomator_dump,A11y Tree,home,26,1.983231,True
a11y_uiautomator_dump,A11y Tree,home,27,1.988872,True
a11y_uiautomator_dump,A11y Tree,home,28,1.991222,True
a11y_uiautomator_dump,A11y Tree,home,29,1.98823,True
a11y_uiautomator_dump,A11y Tree,home,30,1.994414,True
a11y_uiautomator_dump,A11y Tree,home,31,1.990881,True
a11y_uiautomator_dump,A11y Tree,home,32,1.985641,True
a11y_uiautomator_dump,A11y Tree,home,33,2.001644,True
a11y_uiautomator_dump,A11y Tree,home,34,1.984437,True
a11y_uiautomator_dump,A11y Tree,home,35,1.98687,True
a11y_uiautomator_dump,A11y Tree,home,36,1.998751,True
a11y_uiautomator_dump,A11y Tree,home,37,1.987718,True
a11y_uiautomator_dump,A11y Tree,home,38,1.99717,True
a11y_uiautomator_dump,A11y Tree,home,39,1.989791,True
a11y_uiautomator_dump,A11y Tree,home,40,1.99061,True
a11y_uiautomator_dump,A11y Tree,home,41,1.986829,True
a11y_uiautomator_dump,A11y Tree,home,42,1.989365,True
a11y_uiautomator_dump,A11y Tree,home,43,1.984899,True
a11y_uiautomator_dump,A11y Tree,home,44,1.989189,True
a11y_uiautomator_dump,A11y Tree,home,45,1.98901,True
a11y_uiautomator_dump,A11y Tree,home,46,1.999934,True
a11y_uiautomator_dump,A11y Tree,home,47,1.988321,True
a11y_uiautomator_dump,A11y Tree,home,48,1.995908,True
a11y_uiautomator_dump,A11y Tree,home,49,1.995349,True
a11y_uiautomator_dump,A11y Tree,home,50,2.003278,True
a11y_uiautomator_dump,A11y Tree,home,51,1.993853,True
a11y_uiautomator_dump,A11y Tree,home,52,1.983195,True
a11y_uiautomator_dump,A11y Tree,home,53,1.986331,True
a11y_uiautomator_dump,A11y Tree,home,54,1.986458,True
a11y_uiautomator_dump,A11y Tree,home,55,1.991448,True
a11y_uiautomator_dump,A11y Tree,home,56,1.988201,True
a11y_uiautomator_dump,A11y Tree,home,57,1.996445,True
a11y_uiautomator_dump,A11y Tree,home,58,1.987735,True
a11y_uiautomator_dump,A11y Tree,home,59,1.9955,True
a11y_uiautomator_dump,A11y Tree,home,60,1.990053,True
a11y_uiautomator_dump,A11y Tree,home,61,1.991805,True
a11y_uiautomator_dump,A11y Tree,home,62,1.989419,True
a11y_uiautomator_dump,A11y Tree,home,63,1.991031,True
a11y_uiautomator_dump,A11y Tree,home,64,1.986354,True
a11y_uiautomator_dump,A11y Tree,home,65,1.987468,True
a11y_uiautomator_dump,A11y Tree,home,66,1.992902,True
a11y_uiautomator_dump,A11y Tree,home,67,1.993118,True
a11y_uiautomator_dump,A11y Tree,home,68,1.989733,True
a11y_uiautomator_dump,A11y Tree,home,69,1.993272,True
a11y_uiautomator_dump,A11y Tree,home,70,1.986406,True
a11y_uiautomator_dump,A11y Tree,home,71,1.989182,True
a11y_uiautomator_dump,A11y Tree,home,72,1.990647,True
a11y_uiautomator_dump,A11y Tree,home,73,1.986566,True
a11y_uiautomator_dump,A11y Tree,home,74,1.996259,True
a11y_uiautomator_dump,A11y Tree,home,75,1.988196,True
a11y_uiautomator_dump,A11y Tree,home,76,1.996347,True
a11y_uiautomator_dump,A11y Tree,home,77,2.042241,True
a11y_uiautomator_dump,A11y Tree,home,78,1.986001,True
a11y_uiautomator_dump,A11y Tree,home,79,1.985729,True
a11y_uiautomator_dump,A11y Tree,home,80,1.981665,True
a11y_uiautomator_dump,A11y Tree,home,81,1.981808,True
a11y_uiautomator_dump,A11y Tree,home,82,1.990447,True
a11y_uiautomator_dump,A11y Tree,home,83,1.992646,True
a11y_uiautomator_dump,A11y Tree,home,84,1.99622,True
a11y_uiautomator_dump,A11y Tree,home,85,1.980578,True
a11y_uiautomator_dump,A11y Tree,home,86,1.984152,True
a11y_uiautomator_dump,A11y Tree,home,87,1.982894,True
a11y_uiautomator_dump,A11y Tree,home,88,1.990608,True
a11y_uiautomator_dump,A11y Tree,home,89,1.99544,True
a11y_uiautomator_dump,A11y Tree,home,90,1.984384,True
a11y_uiautomator_dump,A11y Tree,home,91,1.983819,True
a11y_uiautomator_dump,A11y Tree,home,92,1.98175,True
a11y_uiautomator_dump,A11y Tree,home,93,1.984129,True
a11y_uiautomator_dump,A11y Tree,home,94,1.985218,True
a11y_uiautomator_dump,A11y Tree,home,95,1.98487,True
a11y_uiautomator_dump,A11y Tree,home,96,1.982032,True
a11y_uiautomator_dump,A11y Tree,home,97,1.985427,True
a11y_uiautomator_dump,A11y Tree,home,98,1.993909,True
a11y_uiautomator_dump,A11y Tree,home,99,2.0526,True
a11y_uiautomator_dump,A11y Tree,settings_main,0,1.995601,True
a11y_uiautomator_dump,A11y Tree,settings_main,1,1.990563,True
a11y_uiautomator_dump,A11y Tree,settings_main,2,1.989002,True
a11y_uiautomator_dump,A11y Tree,settings_main,3,2.003566,True
a11y_uiautomator_dump,A11y Tree,settings_main,4,1.993965,True
a11y_uiautomator_dump,A11y Tree,settings_main,5,1.990145,True
a11y_uiautomator_dump,A11y Tree,settings_main,6,1.991339,True
a11y_uiautomator_dump,A11y Tree,settings_main,7,1.994627,True
a11y_uiautomator_dump,A11y Tree,settings_main,8,1.995788,True
a11y_uiautomator_dump,A11y Tree,settings_main,9,1.993326,True
a11y_uiautomator_dump,A11y Tree,settings_main,10,1.990032,True
a11y_uiautomator_dump,A11y Tree,settings_main,11,1.993154,True
a11y_uiautomator_dump,A11y Tree,settings_main,12,1.990081,True
a11y_uiautomator_dump,A11y Tree,settings_main,13,1.991191,True
a11y_uiautomator_dump,A11y Tree,settings_main,14,1.988555,True
a11y_uiautomator_dump,A11y Tree,settings_main,15,1.995903,True
a11y_uiautomator_dump,A11y Tree,settings_main,16,1.991371,True
a11y_uiautomator_dump,A11y Tree,settings_main,17,1.992388,True
a11y_uiautomator_dump,A11y Tree,settings_main,18,1.989753,True
a11y_uiautomator_dump,A11y Tree,settings_main,19,1.990854,True
a11y_uiautomator_dump,A11y Tree,settings_main,20,1.989078,True
a11y_uiautomator_dump,A11y Tree,settings_main,21,1.992883,True
a11y_uiautomator_dump,A11y Tree,settings_main,22,1.985053,True
a11y_uiautomator_dump,A11y Tree,settings_main,23,1.993393,True
a11y_uiautomator_dump,A11y Tree,settings_main,24,1.990765,True
a11y_uiautomator_dump,A11y Tree,settings_main,25,1.988034,True
a11y_uiautomator_dump,A11y Tree,settings_main,26,1.988914,True
a11y_uiautomator_dump,A11y Tree,settings_main,27,1.990091,True
a11y_uiautomator_dump,A11y Tree,settings_main,28,1.992822,True
a11y_uiautomator_dump,A11y Tree,settings_main,29,1.990862,True
a11y_uiautomator_dump,A11y Tree,settings_main,30,1.987023,True
a11y_uiautomator_dump,A11y Tree,settings_main,31,1.987421,True
a11y_uiautomator_dump,A11y Tree,settings_main,32,1.987569,True
a11y_uiautomator_dump,A11y Tree,settings_main,33,1.991177,True
a11y_uiautomator_dump,A11y Tree,settings_main,34,1.992062,True
a11y_uiautomator_dump,A11y Tree,settings_main,35,1.991791,True
a11y_uiautomator_dump,A11y Tree,settings_main,36,1.990874,True
a11y_uiautomator_dump,A11y Tree,settings_main,37,1.991806,True
a11y_uiautomator_dump,A11y Tree,settings_main,38,1.990356,True
a11y_uiautomator_dump,A11y Tree,settings_main,39,1.994701,True
a11y_uiautomator_dump,A11y Tree,settings_main,40,1.989838,True
a11y_uiautomator_dump,A11y Tree,settings_main,41,1.990494,True
a11y_uiautomator_dump,A11y Tree,settings_main,42,1.992829,True
a11y_uiautomator_dump,A11y Tree,settings_main,43,1.991842,True
a11y_uiautomator_dump,A11y Tree,settings_main,44,1.989811,True
a11y_uiautomator_dump,A11y Tree,settings_main,45,1.989414,True
a11y_uiautomator_dump,A11y Tree,settings_main,46,1.987525,True
a11y_uiautomator_dump,A11y Tree,settings_main,47,1.986136,True
a11y_uiautomator_dump,A11y Tree,settings_main,48,1.988105,True
a11y_uiautomator_dump,A11y Tree,settings_main,49,1.990291,True
a11y_uiautomator_dump,A11y Tree,settings_main,50,1.996781,True
a11y_uiautomator_dump,A11y Tree,settings_main,51,1.989635,True
a11y_uiautomator_dump,A11y Tree,settings_main,52,1.986384,True
a11y_uiautomator_dump,A11y Tree,settings_main,53,1.989348,True
a11y_uiautomator_dump,A11y Tree,settings_main,54,2.026703,True
a11y_uiautomator_dump,A11y Tree,settings_main,55,1.988399,True
a11y_uiautomator_dump,A11y Tree,settings_main,56,1.992155,True
a11y_uiautomator_dump,A11y Tree,settings_main,57,1.98747,True
a11y_uiautomator_dump,A11y Tree,settings_main,58,1.988975,True
a11y_uiautomator_dump,A11y Tree,settings_main,59,1.986577,True
a11y_uiautomator_dump,A11y Tree,settings_main,60,2.010132,True
a11y_uiautomator_dump,A11y Tree,settings_main,61,1.996844,True
a11y_uiautomator_dump,A11y Tree,settings_main,62,1.989225,True
a11y_uiautomator_dump,A11y Tree,settings_main,63,1.989127,True
a11y_uiautomator_dump,A11y Tree,settings_main,64,2.005203,True
a11y_uiautomator_dump,A11y Tree,settings_main,65,1.99506,True
a11y_uiautomator_dump,A11y Tree,settings_main,66,2.017649,True
a11y_uiautomator_dump,A11y Tree,settings_main,67,2.007853,True
a11y_uiautomator_dump,A11y Tree,settings_main,68,1.99893,True
a11y_uiautomator_dump,A11y Tree,settings_main,69,1.993247,True
a11y_uiautomator_dump,A11y Tree,settings_main,70,1.994624,True
a11y_uiautomator_dump,A11y Tree,settings_main,71,1.99521,True
a11y_uiautomator_dump,A11y Tree,settings_main,72,1.995249,True
a11y_uiautomator_dump,A11y Tree,settings_main,73,1.99459,True
a11y_uiautomator_dump,A11y Tree,settings_main,74,1.985542,True
a11y_uiautomator_dump,A11y Tree,settings_main,75,1.992418,True
a11y_uiautomator_dump,A11y Tree,settings_main,76,1.990247,True
a11y_uiautomator_dump,A11y Tree,settings_main,77,1.989607,True
a11y_uiautomator_dump,A11y Tree,settings_main,78,1.994024,True
a11y_uiautomator_dump,A11y Tree,settings_main,79,1.993845,True
a11y_uiautomator_dump,A11y Tree,settings_main,80,1.992511,True
a11y_uiautomator_dump,A11y Tree,settings_main,81,1.992376,True
a11y_uiautomator_dump,A11y Tree,settings_main,82,1.987691,True
a11y_uiautomator_dump,A11y Tree,settings_main,83,1.99151,True
a11y_uiautomator_dump,A11y Tree,settings_main,84,1.997009,True
a11y_uiautomator_dump,A11y Tree,settings_main,85,1.990233,True
a11y_uiautomator_dump,A11y Tree,settings_main,86,1.992124,True
a11y_uiautomator_dump,A11y Tree,settings_main,87,2.005358,True
a11y_uiautomator_dump,A11y Tree,settings_main,88,2.001598,True
a11y_uiautomator_dump,A11y Tree,settings_main,89,1.990417,True
a11y_uiautomator_dump,A11y Tree,settings_main,90,1.994754,True
a11y_uiautomator_dump,A11y Tree,settings_main,91,1.992275,True
a11y_uiautomator_dump,A11y Tree,settings_main,92,1.990038,True
a11y_uiautomator_dump,A11y Tree,settings_main,93,1.990779,True
a11y_uiautomator_dump,A11y Tree,settings_main,94,2.000712,True
a11y_uiautomator_dump,A11y Tree,settings_main,95,1.991011,True
a11y_uiautomator_dump,A11y Tree,settings_main,96,1.98688,True
a11y_uiautomator_dump,A11y Tree,settings_main,97,1.990153,True
a11y_uiautomator_dump,A11y Tree,settings_main,98,1.994681,True
a11y_uiautomator_dump,A11y Tree,settings_main,99,1.991759,True
a11y_uiautomator_dump,A11y Tree,clock,0,1.97992,True
a11y_uiautomator_dump,A11y Tree,clock,1,1.986037,True
a11y_uiautomator_dump,A11y Tree,clock,2,1.986164,True
a11y_uiautomator_dump,A11y Tree,clock,3,1.983926,True
a11y_uiautomator_dump,A11y Tree,clock,4,1.986818,True
a11y_uiautomator_dump,A11y Tree,clock,5,1.984538,True
a11y_uiautomator_dump,A11y Tree,clock,6,1.985926,True
a11y_uiautomator_dump,A11y Tree,clock,7,1.983637,True
a11y_uiautomator_dump,A11y Tree,clock,8,1.989579,True
a11y_uiautomator_dump,A11y Tree,clock,9,1.985495,True
a11y_uiautomator_dump,A11y Tree,clock,10,1.984461,True
a11y_uiautomator_dump,A11y Tree,clock,11,1.984278,True
a11y_uiautomator_dump,A11y Tree,clock,12,1.986688,True
a11y_uiautomator_dump,A11y Tree,clock,13,1.987338,True
a11y_uiautomator_dump,A11y Tree,clock,14,1.986501,True
a11y_uiautomator_dump,A11y Tree,clock,15,1.990058,True
a11y_uiautomator_dump,A11y Tree,clock,16,1.98557,True
a11y_uiautomator_dump,A11y Tree,clock,17,1.990213,True
a11y_uiautomator_dump,A11y Tree,clock,18,1.981039,True
a11y_uiautomator_dump,A11y Tree,clock,19,1.985625,True
a11y_uiautomator_dump,A11y Tree,clock,20,1.987104,True
a11y_uiautomator_dump,A11y Tree,clock,21,1.985223,True
a11y_uiautomator_dump,A11y Tree,clock,22,1.987433,True
a11y_uiautomator_dump,A11y Tree,clock,23,1.980788,True
a11y_uiautomator_dump,A11y Tree,clock,24,1.987207,True
a11y_uiautomator_dump,A11y Tree,clock,25,1.986217,True
a11y_uiautomator_dump,A11y Tree,clock,26,1.987215,True
a11y_uiautomator_dump,A11y Tree,clock,27,1.990051,True
a11y_uiautomator_dump,A11y Tree,clock,28,1.98285,True
a11y_uiautomator_dump,A11y Tree,clock,29,1.981884,True
a11y_uiautomator_dump,A11y Tree,clock,30,2.712543,True
a11y_uiautomator_dump,A11y Tree,clock,31,1.986275,True
a11y_uiautomator_dump,A11y Tree,clock,32,1.982653,True
a11y_uiautomator_dump,A11y Tree,clock,33,1.999959,True
a11y_uiautomator_dump,A11y Tree,clock,34,1.980693,True
a11y_uiautomator_dump,A11y Tree,clock,35,1.992676,True
a11y_uiautomator_dump,A11y Tree,clock,36,1.987868,True
a11y_uiautomator_dump,A11y Tree,clock,37,1.986889,True
a11y_uiautomator_dump,A11y Tree,clock,38,1.984377,True
a11y_uiautomator_dump,A11y Tree,clock,39,1.9845,True
a11y_uiautomator_dump,A11y Tree,clock,40,1.985913,True
a11y_uiautomator_dump,A11y Tree,clock,41,1.986487,True
a11y_uiautomator_dump,A11y Tree,clock,42,1.990073,True
a11y_uiautomator_dump,A11y Tree,clock,43,1.987337,True
a11y_uiautomator_dump,A11y Tree,clock,44,1.983279,True
a11y_uiautomator_dump,A11y Tree,clock,45,1.985176,True
a11y_uiautomator_dump,A11y Tree,clock,46,1.985377,True
a11y_uiautomator_dump,A11y Tree,clock,47,2.000616,True
a11y_uiautomator_dump,A11y Tree,clock,48,1.988017,True
a11y_uiautomator_dump,A11y Tree,clock,49,1.984521,True
a11y_uiautomator_dump,A11y Tree,clock,50,1.9833,True
a11y_uiautomator_dump,A11y Tree,clock,51,1.98538,True
a11y_uiautomator_dump,A11y Tree,clock,52,1.989268,True
a11y_uiautomator_dump,A11y Tree,clock,53,2.006328,True
a11y_uiautomator_dump,A11y Tree,clock,54,2.001932,True
a11y_uiautomator_dump,A11y Tree,clock,55,2.025058,True
a11y_uiautomator_dump,A11y Tree,clock,56,1.992887,True
a11y_uiautomator_dump,A11y Tree,clock,57,1.987156,True
a11y_uiautomator_dump,A11y Tree,clock,58,1.983442,True
a11y_uiautomator_dump,A11y Tree,clock,59,2.04831,True
a11y_uiautomator_dump,A11y Tree,clock,60,1.988585,True
a11y_uiautomator_dump,A11y Tree,clock,61,1.984378,True
a11y_uiautomator_dump,A11y Tree,clock,62,1.981883,True
a11y_uiautomator_dump,A11y Tree,clock,63,1.984835,True
a11y_uiautomator_dump,A11y Tree,clock,64,1.985815,True
a11y_uiautomator_dump,A11y Tree,clock,65,2.027957,True
a11y_uiautomator_dump,A11y Tree,clock,66,1.983644,True
a11y_uiautomator_dump,A11y Tree,clock,67,1.981564,True
a11y_uiautomator_dump,A11y Tree,clock,68,1.992285,True
a11y_uiautomator_dump,A11y Tree,clock,69,1.984495,True
a11y_uiautomator_dump,A11y Tree,clock,70,1.982573,True
a11y_uiautomator_dump,A11y Tree,clock,71,1.983608,True
a11y_uiautomator_dump,A11y Tree,clock,72,1.981936,True
a11y_uiautomator_dump,A11y Tree,clock,73,1.981889,True
a11y_uiautomator_dump,A11y Tree,clock,74,1.984013,True
a11y_uiautomator_dump,A11y Tree,clock,75,1.984019,True
a11y_uiautomator_dump,A11y Tree,clock,76,1.984972,True
a11y_uiautomator_dump,A11y Tree,clock,77,1.984007,True
a11y_uiautomator_dump,A11y Tree,clock,78,1.986351,True
a11y_uiautomator_dump,A11y Tree,clock,79,1.983143,True
a11y_uiautomator_dump,A11y Tree,clock,80,1.98523,True
a11y_uiautomator_dump,A11y Tree,clock,81,1.984599,True
a11y_uiautomator_dump,A11y Tree,clock,82,1.987324,True
a11y_uiautomator_dump,A11y Tree,clock,83,1.985065,True
a11y_uiautomator_dump,A11y Tree,clock,84,1.985213,True
a11y_uiautomator_dump,A11y Tree,clock,85,1.985099,True
a11y_uiautomator_dump,A11y Tree,clock,86,1.984251,True
a11y_uiautomator_dump,A11y Tree,clock,87,2.907773,True
a11y_uiautomator_dump,A11y Tree,clock,88,1.983904,True
a11y_uiautomator_dump,A11y Tree,clock,89,1.985206,True
a11y_uiautomator_dump,A11y Tree,clock,90,1.98399,True
a11y_uiautomator_dump,A11y Tree,clock,91,1.98985,True
a11y_uiautomator_dump,A11y Tree,clock,92,1.99557,True
a11y_uiautomator_dump,A11y Tree,clock,93,1.987835,True
a11y_uiautomator_dump,A11y Tree,clock,94,1.986483,True
a11y_uiautomator_dump,A11y Tree,clock,95,1.986801,True
a11y_uiautomator_dump,A11y Tree,clock,96,1.984879,True
a11y_uiautomator_dump,A11y Tree,clock,97,1.982404,True
a11y_uiautomator_dump,A11y Tree,clock,98,1.984801,True
a11y_uiautomator_dump,A11y Tree,clock,99,1.983093,True
a11y_uiautomator_stdout,A11y Tree,home,0,1.974499,True
a11y_uiautomator_stdout,A11y Tree,home,1,1.977566,True
a11y_uiautomator_stdout,A11y Tree,home,2,1.974119,True
a11y_uiautomator_stdout,A11y Tree,home,3,1.975118,True
a11y_uiautomator_stdout,A11y Tree,home,4,1.977373,True
a11y_uiautomator_stdout,A11y Tree,home,5,1.978185,True
a11y_uiautomator_stdout,A11y Tree,home,6,1.980373,True
a11y_uiautomator_stdout,A11y Tree,home,7,1.989119,True
a11y_uiautomator_stdout,A11y Tree,home,8,1.977617,True
a11y_uiautomator_stdout,A11y Tree,home,9,1.974718,True
a11y_uiautomator_stdout,A11y Tree,home,10,1.977034,True
a11y_uiautomator_stdout,A11y Tree,home,11,1.973595,True
a11y_uiautomator_stdout,A11y Tree,home,12,1.976059,True
a11y_uiautomator_stdout,A11y Tree,home,13,1.978676,True
a11y_uiautomator_stdout,A11y Tree,home,14,1.974522,True
a11y_uiautomator_stdout,A11y Tree,home,15,1.978938,True
a11y_uiautomator_stdout,A11y Tree,home,16,1.974181,True
a11y_uiautomator_stdout,A11y Tree,home,17,1.980253,True
a11y_uiautomator_stdout,A11y Tree,home,18,1.975179,True
a11y_uiautomator_stdout,A11y Tree,home,19,1.975774,True
a11y_uiautomator_stdout,A11y Tree,home,20,1.980406,True
a11y_uiautomator_stdout,A11y Tree,home,21,1.985585,True
a11y_uiautomator_stdout,A11y Tree,home,22,1.994478,True
a11y_uiautomator_stdout,A11y Tree,home,23,1.979126,True
a11y_uiautomator_stdout,A11y Tree,home,24,1.976784,True
a11y_uiautomator_stdout,A11y Tree,home,25,1.975388,True
a11y_uiautomator_stdout,A11y Tree,home,26,1.978286,True
a11y_uiautomator_stdout,A11y Tree,home,27,1.975391,True
a11y_uiautomator_stdout,A11y Tree,home,28,1.978345,True
a11y_uiautomator_stdout,A11y Tree,home,29,1.979868,True
a11y_uiautomator_stdout,A11y Tree,home,30,1.980114,True
a11y_uiautomator_stdout,A11y Tree,home,31,1.978545,True
a11y_uiautomator_stdout,A11y Tree,home,32,1.977728,True
a11y_uiautomator_stdout,A11y Tree,home,33,1.976671,True
a11y_uiautomator_stdout,A11y Tree,home,34,1.97805,True
a11y_uiautomator_stdout,A11y Tree,home,35,1.975517,True
a11y_uiautomator_stdout,A11y Tree,home,36,1.97682,True
a11y_uiautomator_stdout,A11y Tree,home,37,1.975599,True
a11y_uiautomator_stdout,A11y Tree,home,38,1.976235,True
a11y_uiautomator_stdout,A11y Tree,home,39,1.975991,True
a11y_uiautomator_stdout,A11y Tree,home,40,1.979887,True
a11y_uiautomator_stdout,A11y Tree,home,41,1.976585,True
a11y_uiautomator_stdout,A11y Tree,home,42,1.991349,True
a11y_uiautomator_stdout,A11y Tree,home,43,1.976131,True
a11y_uiautomator_stdout,A11y Tree,home,44,1.978128,True
a11y_uiautomator_stdout,A11y Tree,home,45,1.97866,True
a11y_uiautomator_stdout,A11y Tree,home,46,1.976492,True
a11y_uiautomator_stdout,A11y Tree,home,47,1.974821,True
a11y_uiautomator_stdout,A11y Tree,home,48,1.976614,True
a11y_uiautomator_stdout,A11y Tree,home,49,2.009919,True
a11y_uiautomator_stdout,A11y Tree,home,50,1.976003,True
a11y_uiautomator_stdout,A11y Tree,home,51,1.975232,True
a11y_uiautomator_stdout,A11y Tree,home,52,1.974207,True
a11y_uiautomator_stdout,A11y Tree,home,53,1.982136,True
a11y_uiautomator_stdout,A11y Tree,home,54,1.99444,True
a11y_uiautomator_stdout,A11y Tree,home,55,1.97981,True
a11y_uiautomator_stdout,A11y Tree,home,56,1.975984,True
a11y_uiautomator_stdout,A11y Tree,home,57,1.982554,True
a11y_uiautomator_stdout,A11y Tree,home,58,1.988996,True
a11y_uiautomator_stdout,A11y Tree,home,59,2.000178,True
a11y_uiautomator_stdout,A11y Tree,home,60,1.988021,True
a11y_uiautomator_stdout,A11y Tree,home,61,1.980409,True
a11y_uiautomator_stdout,A11y Tree,home,62,2.00095,True
a11y_uiautomator_stdout,A11y Tree,home,63,1.980525,True
a11y_uiautomator_stdout,A11y Tree,home,64,1.978533,True
a11y_uiautomator_stdout,A11y Tree,home,65,1.981131,True
a11y_uiautomator_stdout,A11y Tree,home,66,1.981218,True
a11y_uiautomator_stdout,A11y Tree,home,67,1.978856,True
a11y_uiautomator_stdout,A11y Tree,home,68,1.981197,True
a11y_uiautomator_stdout,A11y Tree,home,69,1.979363,True
a11y_uiautomator_stdout,A11y Tree,home,70,1.97915,True
a11y_uiautomator_stdout,A11y Tree,home,71,1.976166,True
a11y_uiautomator_stdout,A11y Tree,home,72,1.975629,True
a11y_uiautomator_stdout,A11y Tree,home,73,1.996627,True
a11y_uiautomator_stdout,A11y Tree,home,74,1.979964,True
a11y_uiautomator_stdout,A11y Tree,home,75,1.97547,True
a11y_uiautomator_stdout,A11y Tree,home,76,1.980851,True
a11y_uiautomator_stdout,A11y Tree,home,77,1.979116,True
a11y_uiautomator_stdout,A11y Tree,home,78,1.985607,True
a11y_uiautomator_stdout,A11y Tree,home,79,1.972825,True
a11y_uiautomator_stdout,A11y Tree,home,80,1.977805,True
a11y_uiautomator_stdout,A11y Tree,home,81,1.976029,True
a11y_uiautomator_stdout,A11y Tree,home,82,1.977239,True
a11y_uiautomator_stdout,A11y Tree,home,83,1.980878,True
a11y_uiautomator_stdout,A11y Tree,home,84,1.976486,True
a11y_uiautomator_stdout,A11y Tree,home,85,1.977029,True
a11y_uiautomator_stdout,A11y Tree,home,86,1.979269,True
a11y_uiautomator_stdout,A11y Tree,home,87,1.981966,True
a11y_uiautomator_stdout,A11y Tree,home,88,1.974921,True
a11y_uiautomator_stdout,A11y Tree,home,89,1.97591,True
a11y_uiautomator_stdout,A11y Tree,home,90,1.980238,True
a11y_uiautomator_stdout,A11y Tree,home,91,1.978599,True
a11y_uiautomator_stdout,A11y Tree,home,92,1.982216,True
a11y_uiautomator_stdout,A11y Tree,home,93,1.983115,True
a11y_uiautomator_stdout,A11y Tree,home,94,1.982241,True
a11y_uiautomator_stdout,A11y Tree,home,95,1.976829,True
a11y_uiautomator_stdout,A11y Tree,home,96,1.977216,True
a11y_uiautomator_stdout,A11y Tree,home,97,1.976811,True
a11y_uiautomator_stdout,A11y Tree,home,98,1.981666,True
a11y_uiautomator_stdout,A11y Tree,home,99,1.988472,True
a11y_uiautomator_stdout,A11y Tree,settings_main,0,1.981222,True
a11y_uiautomator_stdout,A11y Tree,settings_main,1,1.978778,True
a11y_uiautomator_stdout,A11y Tree,settings_main,2,1.977877,True
a11y_uiautomator_stdout,A11y Tree,settings_main,3,2.002155,True
a11y_uiautomator_stdout,A11y Tree,settings_main,4,1.983438,True
a11y_uiautomator_stdout,A11y Tree,settings_main,5,1.981062,True
a11y_uiautomator_stdout,A11y Tree,settings_main,6,1.979911,True
a11y_uiautomator_stdout,A11y Tree,settings_main,7,1.978326,True
a11y_uiautomator_stdout,A11y Tree,settings_main,8,1.977121,True
a11y_uiautomator_stdout,A11y Tree,settings_main,9,1.979795,True
a11y_uiautomator_stdout,A11y Tree,settings_main,10,1.980417,True
a11y_uiautomator_stdout,A11y Tree,settings_main,11,1.985378,True
a11y_uiautomator_stdout,A11y Tree,settings_main,12,1.976758,True
a11y_uiautomator_stdout,A11y Tree,settings_main,13,1.978604,True
a11y_uiautomator_stdout,A11y Tree,settings_main,14,1.978619,True
a11y_uiautomator_stdout,A11y Tree,settings_main,15,1.976855,True
a11y_uiautomator_stdout,A11y Tree,settings_main,16,1.980491,True
a11y_uiautomator_stdout,A11y Tree,settings_main,17,1.979652,True
a11y_uiautomator_stdout,A11y Tree,settings_main,18,1.976568,True
a11y_uiautomator_stdout,A11y Tree,settings_main,19,1.981602,True
a11y_uiautomator_stdout,A11y Tree,settings_main,20,1.977551,True
a11y_uiautomator_stdout,A11y Tree,settings_main,21,1.998501,True
a11y_uiautomator_stdout,A11y Tree,settings_main,22,1.977104,True
a11y_uiautomator_stdout,A11y Tree,settings_main,23,1.979596,True
a11y_uiautomator_stdout,A11y Tree,settings_main,24,1.977703,True
a11y_uiautomator_stdout,A11y Tree,settings_main,25,1.977959,True
a11y_uiautomator_stdout,A11y Tree,settings_main,26,1.977503,True
a11y_uiautomator_stdout,A11y Tree,settings_main,27,1.981744,True
a11y_uiautomator_stdout,A11y Tree,settings_main,28,1.982436,True
a11y_uiautomator_stdout,A11y Tree,settings_main,29,1.981281,True
a11y_uiautomator_stdout,A11y Tree,settings_main,30,1.983887,True
a11y_uiautomator_stdout,A11y Tree,settings_main,31,1.979632,True
a11y_uiautomator_stdout,A11y Tree,settings_main,32,1.979844,True
a11y_uiautomator_stdout,A11y Tree,settings_main,33,1.976219,True
a11y_uiautomator_stdout,A11y Tree,settings_main,34,1.981542,True
a11y_uiautomator_stdout,A11y Tree,settings_main,35,1.985654,True
a11y_uiautomator_stdout,A11y Tree,settings_main,36,1.976508,True
a11y_uiautomator_stdout,A11y Tree,settings_main,37,1.97666,True
a11y_uiautomator_stdout,A11y Tree,settings_main,38,1.988798,True
a11y_uiautomator_stdout,A11y Tree,settings_main,39,1.984227,True
a11y_uiautomator_stdout,A11y Tree,settings_main,40,1.981016,True
a11y_uiautomator_stdout,A11y Tree,settings_main,41,1.981825,True
a11y_uiautomator_stdout,A11y Tree,settings_main,42,1.988477,True
a11y_uiautomator_stdout,A11y Tree,settings_main,43,1.985651,True
a11y_uiautomator_stdout,A11y Tree,settings_main,44,1.983082,True
a11y_uiautomator_stdout,A11y Tree,settings_main,45,1.982827,True
a11y_uiautomator_stdout,A11y Tree,settings_main,46,1.977709,True
a11y_uiautomator_stdout,A11y Tree,settings_main,47,1.976938,True
a11y_uiautomator_stdout,A11y Tree,settings_main,48,1.984567,True
a11y_uiautomator_stdout,A11y Tree,settings_main,49,1.981303,True
a11y_uiautomator_stdout,A11y Tree,settings_main,50,1.976534,True
a11y_uiautomator_stdout,A11y Tree,settings_main,51,1.980365,True
a11y_uiautomator_stdout,A11y Tree,settings_main,52,1.983865,True
a11y_uiautomator_stdout,A11y Tree,settings_main,53,1.980036,True
a11y_uiautomator_stdout,A11y Tree,settings_main,54,1.993398,True
a11y_uiautomator_stdout,A11y Tree,settings_main,55,1.979057,True
a11y_uiautomator_stdout,A11y Tree,settings_main,56,1.977546,True
a11y_uiautomator_stdout,A11y Tree,settings_main,57,1.975965,True
a11y_uiautomator_stdout,A11y Tree,settings_main,58,1.976201,True
a11y_uiautomator_stdout,A11y Tree,settings_main,59,1.982946,True
a11y_uiautomator_stdout,A11y Tree,settings_main,60,1.976894,True
a11y_uiautomator_stdout,A11y Tree,settings_main,61,1.97977,True
a11y_uiautomator_stdout,A11y Tree,settings_main,62,1.981066,True
a11y_uiautomator_stdout,A11y Tree,settings_main,63,1.976549,True
a11y_uiautomator_stdout,A11y Tree,settings_main,64,1.981099,True
a11y_uiautomator_stdout,A11y Tree,settings_main,65,2.001282,True
a11y_uiautomator_stdout,A11y Tree,settings_main,66,1.983987,True
a11y_uiautomator_stdout,A11y Tree,settings_main,67,1.978441,True
a11y_uiautomator_stdout,A11y Tree,settings_main,68,1.978954,True
a11y_uiautomator_stdout,A11y Tree,settings_main,69,1.977824,True
a11y_uiautomator_stdout,A11y Tree,settings_main,70,1.982187,True
a11y_uiautomator_stdout,A11y Tree,settings_main,71,1.977098,True
a11y_uiautomator_stdout,A11y Tree,settings_main,72,1.980519,True
a11y_uiautomator_stdout,A11y Tree,settings_main,73,1.988935,True
a11y_uiautomator_stdout,A11y Tree,settings_main,74,1.979819,True
a11y_uiautomator_stdout,A11y Tree,settings_main,75,1.977314,True
a11y_uiautomator_stdout,A11y Tree,settings_main,76,1.979304,True
a11y_uiautomator_stdout,A11y Tree,settings_main,77,1.982009,True
a11y_uiautomator_stdout,A11y Tree,settings_main,78,1.980483,True
a11y_uiautomator_stdout,A11y Tree,settings_main,79,1.980667,True
a11y_uiautomator_stdout,A11y Tree,settings_main,80,1.977832,True
a11y_uiautomator_stdout,A11y Tree,settings_main,81,1.979322,True
a11y_uiautomator_stdout,A11y Tree,settings_main,82,1.979156,True
a11y_uiautomator_stdout,A11y Tree,settings_main,83,1.980782,True
a11y_uiautomator_stdout,A11y Tree,settings_main,84,1.979782,True
a11y_uiautomator_stdout,A11y Tree,settings_main,85,1.980149,True
a11y_uiautomator_stdout,A11y Tree,settings_main,86,1.977627,True
a11y_uiautomator_stdout,A11y Tree,settings_main,87,1.978329,True
a11y_uiautomator_stdout,A11y Tree,settings_main,88,1.982088,True
a11y_uiautomator_stdout,A11y Tree,settings_main,89,1.980491,True
a11y_uiautomator_stdout,A11y Tree,settings_main,90,1.986449,True
a11y_uiautomator_stdout,A11y Tree,settings_main,91,1.982179,True
a11y_uiautomator_stdout,A11y Tree,settings_main,92,1.978931,True
a11y_uiautomator_stdout,A11y Tree,settings_main,93,1.982613,True
a11y_uiautomator_stdout,A11y Tree,settings_main,94,1.977209,True
a11y_uiautomator_stdout,A11y Tree,settings_main,95,1.979411,True
a11y_uiautomator_stdout,A11y Tree,settings_main,96,1.981993,True
a11y_uiautomator_stdout,A11y Tree,settings_main,97,1.986255,True
a11y_uiautomator_stdout,A11y Tree,settings_main,98,1.9801,True
a11y_uiautomator_stdout,A11y Tree,settings_main,99,1.984801,True
a11y_uiautomator_stdout,A11y Tree,clock,0,1.984834,True
a11y_uiautomator_stdout,A11y Tree,clock,1,1.979864,True
a11y_uiautomator_stdout,A11y Tree,clock,2,1.975263,True
a11y_uiautomator_stdout,A11y Tree,clock,3,1.982498,True
a11y_uiautomator_stdout,A11y Tree,clock,4,1.9764,True
a11y_uiautomator_stdout,A11y Tree,clock,5,1.978876,True
a11y_uiautomator_stdout,A11y Tree,clock,6,1.98198,True
a11y_uiautomator_stdout,A11y Tree,clock,7,1.980575,True
a11y_uiautomator_stdout,A11y Tree,clock,8,1.982818,True
a11y_uiautomator_stdout,A11y Tree,clock,9,1.97911,True
a11y_uiautomator_stdout,A11y Tree,clock,10,1.979428,True
a11y_uiautomator_stdout,A11y Tree,clock,11,1.979091,True
a11y_uiautomator_stdout,A11y Tree,clock,12,1.978937,True
a11y_uiautomator_stdout,A11y Tree,clock,13,1.979805,True
a11y_uiautomator_stdout,A11y Tree,clock,14,1.987882,True
a11y_uiautomator_stdout,A11y Tree,clock,15,1.979137,True
a11y_uiautomator_stdout,A11y Tree,clock,16,1.975188,True
a11y_uiautomator_stdout,A11y Tree,clock,17,1.981397,True
a11y_uiautomator_stdout,A11y Tree,clock,18,1.977659,True
a11y_uiautomator_stdout,A11y Tree,clock,19,1.985171,True
a11y_uiautomator_stdout,A11y Tree,clock,20,1.985587,True
a11y_uiautomator_stdout,A11y Tree,clock,21,1.977562,True
a11y_uiautomator_stdout,A11y Tree,clock,22,1.977894,True
a11y_uiautomator_stdout,A11y Tree,clock,23,1.986193,True
a11y_uiautomator_stdout,A11y Tree,clock,24,1.984864,True
a11y_uiautomator_stdout,A11y Tree,clock,25,1.978333,True
a11y_uiautomator_stdout,A11y Tree,clock,26,1.977497,True
a11y_uiautomator_stdout,A11y Tree,clock,27,1.977992,True
a11y_uiautomator_stdout,A11y Tree,clock,28,1.98066,True
a11y_uiautomator_stdout,A11y Tree,clock,29,1.988417,True
a11y_uiautomator_stdout,A11y Tree,clock,30,1.985191,True
a11y_uiautomator_stdout,A11y Tree,clock,31,1.981086,True
a11y_uiautomator_stdout,A11y Tree,clock,32,1.97721,True
a11y_uiautomator_stdout,A11y Tree,clock,33,1.977214,True
a11y_uiautomator_stdout,A11y Tree,clock,34,1.979975,True
a11y_uiautomator_stdout,A11y Tree,clock,35,1.982465,True
a11y_uiautomator_stdout,A11y Tree,clock,36,1.976394,True
a11y_uiautomator_stdout,A11y Tree,clock,37,1.982056,True
a11y_uiautomator_stdout,A11y Tree,clock,38,1.984543,True
a11y_uiautomator_stdout,A11y Tree,clock,39,1.976489,True
a11y_uiautomator_stdout,A11y Tree,clock,40,1.980495,True
a11y_uiautomator_stdout,A11y Tree,clock,41,1.985816,True
a11y_uiautomator_stdout,A11y Tree,clock,42,1.993849,True
a11y_uiautomator_stdout,A11y Tree,clock,43,1.98743,True
a11y_uiautomator_stdout,A11y Tree,clock,44,1.984447,True
a11y_uiautomator_stdout,A11y Tree,clock,45,1.978446,True
a11y_uiautomator_stdout,A11y Tree,clock,46,1.977902,True
a11y_uiautomator_stdout,A11y Tree,clock,47,1.986147,True
a11y_uiautomator_stdout,A11y Tree,clock,48,1.981166,True
a11y_uiautomator_stdout,A11y Tree,clock,49,1.980707,True
a11y_uiautomator_stdout,A11y Tree,clock,50,1.97956,True
a11y_uiautomator_stdout,A11y Tree,clock,51,1.97799,True
a11y_uiautomator_stdout,A11y Tree,clock,52,1.984502,True
a11y_uiautomator_stdout,A11y Tree,clock,53,1.978084,True
a11y_uiautomator_stdout,A11y Tree,clock,54,1.979001,True
a11y_uiautomator_stdout,A11y Tree,clock,55,1.977335,True
a11y_uiautomator_stdout,A11y Tree,clock,56,1.97763,True
a11y_uiautomator_stdout,A11y Tree,clock,57,1.977461,True
a11y_uiautomator_stdout,A11y Tree,clock,58,1.981185,True
a11y_uiautomator_stdout,A11y Tree,clock,59,1.995292,True
a11y_uiautomator_stdout,A11y Tree,clock,60,1.983872,True
a11y_uiautomator_stdout,A11y Tree,clock,61,1.980953,True
a11y_uiautomator_stdout,A11y Tree,clock,62,1.976533,True
a11y_uiautomator_stdout,A11y Tree,clock,63,1.982593,True
a11y_uiautomator_stdout,A11y Tree,clock,64,1.979686,True
a11y_uiautomator_stdout,A11y Tree,clock,65,1.977034,True
a11y_uiautomator_stdout,A11y Tree,clock,66,1.977111,True
a11y_uiautomator_stdout,A11y Tree,clock,67,1.979525,True
a11y_uiautomator_stdout,A11y Tree,clock,68,1.980643,True
a11y_uiautomator_stdout,A11y Tree,clock,69,1.977291,True
a11y_uiautomator_stdout,A11y Tree,clock,70,1.976248,True
a11y_uiautomator_stdout,A11y Tree,clock,71,1.979614,True
a11y_uiautomator_stdout,A11y Tree,clock,72,1.977338,True
a11y_uiautomator_stdout,A11y Tree,clock,73,1.981191,True
a11y_uiautomator_stdout,A11y Tree,clock,74,1.982392,True
a11y_uiautomator_stdout,A11y Tree,clock,75,1.978672,True
a11y_uiautomator_stdout,A11y Tree,clock,76,1.986694,True
a11y_uiautomator_stdout,A11y Tree,clock,77,1.982985,True
a11y_uiautomator_stdout,A11y Tree,clock,78,1.984498,True
a11y_uiautomator_stdout,A11y Tree,clock,79,1.98027,True
a11y_uiautomator_stdout,A11y Tree,clock,80,1.983703,True
a11y_uiautomator_stdout,A11y Tree,clock,81,1.977245,True
a11y_uiautomator_stdout,A11y Tree,clock,82,1.977845,True
a11y_uiautomator_stdout,A11y Tree,clock,83,1.980776,True
a11y_uiautomator_stdout,A11y Tree,clock,84,1.977285,True
a11y_uiautomator_stdout,A11y Tree,clock,85,1.980856,True
a11y_uiautomator_stdout,A11y Tree,clock,86,1.983033,True
a11y_uiautomator_stdout,A11y Tree,clock,87,2.945106,True
a11y_uiautomator_stdout,A11y Tree,clock,88,1.98193,True
a11y_uiautomator_stdout,A11y Tree,clock,89,1.984191,True
a11y_uiautomator_stdout,A11y Tree,clock,90,1.979111,True
a11y_uiautomator_stdout,A11y Tree,clock,91,1.976502,True
a11y_uiautomator_stdout,A11y Tree,clock,92,1.980481,True
a11y_uiautomator_stdout,A11y Tree,clock,93,1.995064,True
a11y_uiautomator_stdout,A11y Tree,clock,94,2.01734,True
a11y_uiautomator_stdout,A11y Tree,clock,95,1.974879,True
a11y_uiautomator_stdout,A11y Tree,clock,96,1.978068,True
a11y_uiautomator_stdout,A11y Tree,clock,97,1.978726,True
a11y_uiautomator_stdout,A11y Tree,clock,98,1.98847,True
a11y_uiautomator_stdout,A11y Tree,clock,99,1.982851,True
a11y_dumpsys_accessibility,A11y Tree,home,0,0.01689,True
a11y_dumpsys_accessibility,A11y Tree,home,1,0.016024,True
a11y_dumpsys_accessibility,A11y Tree,home,2,0.01571,True
a11y_dumpsys_accessibility,A11y Tree,home,3,0.015703,True
a11y_dumpsys_accessibility,A11y Tree,home,4,0.016131,True
a11y_dumpsys_accessibility,A11y Tree,home,5,0.015758,True
a11y_dumpsys_accessibility,A11y Tree,home,6,0.015479,True
a11y_dumpsys_accessibility,A11y Tree,home,7,0.019909,True
a11y_dumpsys_accessibility,A11y Tree,home,8,0.021909,True
a11y_dumpsys_accessibility,A11y Tree,home,9,0.017497,True
a11y_dumpsys_accessibility,A11y Tree,home,10,0.016236,True
a11y_dumpsys_accessibility,A11y Tree,home,11,0.016622,True
a11y_dumpsys_accessibility,A11y Tree,home,12,0.016863,True
a11y_dumpsys_accessibility,A11y Tree,home,13,0.016348,True
a11y_dumpsys_accessibility,A11y Tree,home,14,0.016652,True
a11y_dumpsys_accessibility,A11y Tree,home,15,0.017139,True
a11y_dumpsys_accessibility,A11y Tree,home,16,0.016333,True
a11y_dumpsys_accessibility,A11y Tree,home,17,0.015986,True
a11y_dumpsys_accessibility,A11y Tree,home,18,0.020245,True
a11y_dumpsys_accessibility,A11y Tree,home,19,0.016925,True
a11y_dumpsys_accessibility,A11y Tree,home,20,0.016361,True
a11y_dumpsys_accessibility,A11y Tree,home,21,0.016632,True
a11y_dumpsys_accessibility,A11y Tree,home,22,0.016083,True
a11y_dumpsys_accessibility,A11y Tree,home,23,0.016448,True
a11y_dumpsys_accessibility,A11y Tree,home,24,0.016778,True
a11y_dumpsys_accessibility,A11y Tree,home,25,0.018662,True
a11y_dumpsys_accessibility,A11y Tree,home,26,0.016255,True
a11y_dumpsys_accessibility,A11y Tree,home,27,0.016333,True
a11y_dumpsys_accessibility,A11y Tree,home,28,0.016831,True
a11y_dumpsys_accessibility,A11y Tree,home,29,0.016092,True
a11y_dumpsys_accessibility,A11y Tree,home,30,0.015986,True
a11y_dumpsys_accessibility,A11y Tree,home,31,0.016211,True
a11y_dumpsys_accessibility,A11y Tree,home,32,0.01579,True
a11y_dumpsys_accessibility,A11y Tree,home,33,0.016374,True
a11y_dumpsys_accessibility,A11y Tree,home,34,0.016328,True
a11y_dumpsys_accessibility,A11y Tree,home,35,0.015681,True
a11y_dumpsys_accessibility,A11y Tree,home,36,0.016277,True
a11y_dumpsys_accessibility,A11y Tree,home,37,0.016395,True
a11y_dumpsys_accessibility,A11y Tree,home,38,0.015767,True
a11y_dumpsys_accessibility,A11y Tree,home,39,0.01643,True
a11y_dumpsys_accessibility,A11y Tree,home,40,0.01568,True
a11y_dumpsys_accessibility,A11y Tree,home,41,0.015978,True
a11y_dumpsys_accessibility,A11y Tree,home,42,0.015963,True
a11y_dumpsys_accessibility,A11y Tree,home,43,0.015945,True
a11y_dumpsys_accessibility,A11y Tree,home,44,0.015846,True
a11y_dumpsys_accessibility,A11y Tree,home,45,0.015918,True
a11y_dumpsys_accessibility,A11y Tree,home,46,0.016728,True
a11y_dumpsys_accessibility,A11y Tree,home,47,0.01557,True
a11y_dumpsys_accessibility,A11y Tree,home,48,0.015341,True
a11y_dumpsys_accessibility,A11y Tree,home,49,0.016418,True
a11y_dumpsys_accessibility,A11y Tree,home,50,0.015544,True
a11y_dumpsys_accessibility,A11y Tree,home,51,0.017193,True
a11y_dumpsys_accessibility,A11y Tree,home,52,0.015824,True
a11y_dumpsys_accessibility,A11y Tree,home,53,0.01539,True
a11y_dumpsys_accessibility,A11y Tree,home,54,0.016068,True
a11y_dumpsys_accessibility,A11y Tree,home,55,0.01586,True
a11y_dumpsys_accessibility,A11y Tree,home,56,0.015654,True
a11y_dumpsys_accessibility,A11y Tree,home,57,0.015198,True
a11y_dumpsys_accessibility,A11y Tree,home,58,0.015957,True
a11y_dumpsys_accessibility,A11y Tree,home,59,0.015392,True
a11y_dumpsys_accessibility,A11y Tree,home,60,0.015755,True
a11y_dumpsys_accessibility,A11y Tree,home,61,0.015342,True
a11y_dumpsys_accessibility,A11y Tree,home,62,0.015511,True
a11y_dumpsys_accessibility,A11y Tree,home,63,0.015401,True
a11y_dumpsys_accessibility,A11y Tree,home,64,0.015435,True
a11y_dumpsys_accessibility,A11y Tree,home,65,0.0159,True
a11y_dumpsys_accessibility,A11y Tree,home,66,0.015607,True
a11y_dumpsys_accessibility,A11y Tree,home,67,0.015721,True
a11y_dumpsys_accessibility,A11y Tree,home,68,0.015806,True
a11y_dumpsys_accessibility,A11y Tree,home,69,0.015383,True
a11y_dumpsys_accessibility,A11y Tree,home,70,0.015521,True
a11y_dumpsys_accessibility,A11y Tree,home,71,0.016896,True
a11y_dumpsys_accessibility,A11y Tree,home,72,0.01786,True
a11y_dumpsys_accessibility,A11y Tree,home,73,0.016811,True
a11y_dumpsys_accessibility,A11y Tree,home,74,0.016377,True
a11y_dumpsys_accessibility,A11y Tree,home,75,0.015548,True
a11y_dumpsys_accessibility,A11y Tree,home,76,0.019013,True
a11y_dumpsys_accessibility,A11y Tree,home,77,0.015348,True
a11y_dumpsys_accessibility,A11y Tree,home,78,0.016324,True
a11y_dumpsys_accessibility,A11y Tree,home,79,0.014905,True
a11y_dumpsys_accessibility,A11y Tree,home,80,0.015851,True
a11y_dumpsys_accessibility,A11y Tree,home,81,0.016761,True
a11y_dumpsys_accessibility,A11y Tree,home,82,0.015382,True
a11y_dumpsys_accessibility,A11y Tree,home,83,0.015304,True
a11y_dumpsys_accessibility,A11y Tree,home,84,0.016262,True
a11y_dumpsys_accessibility,A11y Tree,home,85,0.015645,True
a11y_dumpsys_accessibility,A11y Tree,home,86,0.015432,True
a11y_dumpsys_accessibility,A11y Tree,home,87,0.015411,True
a11y_dumpsys_accessibility,A11y Tree,home,88,0.015607,True
a11y_dumpsys_accessibility,A11y Tree,home,89,0.015339,True
a11y_dumpsys_accessibility,A11y Tree,home,90,0.016009,True
a11y_dumpsys_accessibility,A11y Tree,home,91,0.015931,True
a11y_dumpsys_accessibility,A11y Tree,home,92,0.016456,True
a11y_dumpsys_accessibility,A11y Tree,home,93,0.016138,True
a11y_dumpsys_accessibility,A11y Tree,home,94,0.015973,True
a11y_dumpsys_accessibility,A11y Tree,home,95,0.016751,True
a11y_dumpsys_accessibility,A11y Tree,home,96,0.017586,True
a11y_dumpsys_accessibility,A11y Tree,home,97,0.016881,True
a11y_dumpsys_accessibility,A11y Tree,home,98,0.016851,True
a11y_dumpsys_accessibility,A11y Tree,home,99,0.017601,True
a11y_dumpsys_accessibility,A11y Tree,settings_main,0,0.014483,True
a11y_dumpsys_accessibility,A11y Tree,settings_main,1,0.01638,True
a11y_dumpsys_accessibility,A11y Tree,settings_main,2,0.017777,True
a11y_dumpsys_accessibility,A11y Tree,settings_main,3,0.017868,True
a11y_dumpsys_accessibility,A11y Tree,settings_main,4,0.015347,True
a11y_dumpsys_accessibility,A11y Tree,settings_main,5,0.018621,True
a11y_dumpsys_accessibility,A11y Tree,settings_main,6,0.015974,True
a11y_dumpsys_accessibility,A11y Tree,settings_main,7,0.020892,True
a11y_dumpsys_accessibility,A11y Tree,settings_main,8,0.015403,True
a11y_dumpsys_accessibility,A11y Tree,settings_main,9,0.017439,True
a11y_dumpsys_accessibility,A11y Tree,settings_main,10,0.016045,True
a11y_dumpsys_accessibility,A11y Tree,settings_main,11,0.015306,True
a11y_dumpsys_accessibility,A11y Tree,settings_main,12,0.016017,True
a11y_dumpsys_accessibility,A11y Tree,settings_main,13,0.015522,True
a11y_dumpsys_accessibility,A11y Tree,settings_main,14,0.015869,True
a11y_dumpsys_accessibility,A11y Tree,settings_main,15,0.016236,True
a11y_dumpsys_accessibility,A11y Tree,settings_main,16,0.015854,True
a11y_dumpsys_accessibility,A11y Tree,settings_main,17,0.015844,True
a11y_dumpsys_accessibility,A11y Tree,settings_main,18,0.016018,True
a11y_dumpsys_accessibility,A11y Tree,settings_main,19,0.015767,True
a11y_dumpsys_accessibility,A11y Tree,settings_main,20,0.0157,True
a11y_dumpsys_accessibility,A11y Tree,settings_main,21,0.01591,True
a11y_dumpsys_accessibility,A11y Tree,settings_main,22,0.015513,True
a11y_dumpsys_accessibility,A11y Tree,settings_main,23,0.015582,True
a11y_dumpsys_accessibility,A11y Tree,settings_main,24,0.015395,True
a11y_dumpsys_accessibility,A11y Tree,settings_main,25,0.016575,True
a11y_dumpsys_accessibility,A11y Tree,settings_main,26,0.015952,True
a11y_dumpsys_accessibility,A11y Tree,settings_main,27,0.01693,True
a11y_dumpsys_accessibility,A11y Tree,settings_main,28,0.015441,True
a11y_dumpsys_accessibility,A11y Tree,settings_main,29,0.015497,True
a11y_dumpsys_accessibility,A11y Tree,settings_main,30,0.015349,True
a11y_dumpsys_accessibility,A11y Tree,settings_main,31,0.016137,True
a11y_dumpsys_accessibility,A11y Tree,settings_main,32,0.015211,True
a11y_dumpsys_accessibility,A11y Tree,settings_main,33,0.015971,True
a11y_dumpsys_accessibility,A11y Tree,settings_main,34,0.01563,True
a11y_dumpsys_accessibility,A11y Tree,settings_main,35,0.015873,True
a11y_dumpsys_accessibility,A11y Tree,settings_main,36,0.015836,True
a11y_dumpsys_accessibility,A11y Tree,settings_main,37,0.015585,True
a11y_dumpsys_accessibility,A11y Tree,settings_main,38,0.015509,True
a11y_dumpsys_accessibility,A11y Tree,settings_main,39,0.015674,True
a11y_dumpsys_accessibility,A11y Tree,settings_main,40,0.015501,True
a11y_dumpsys_accessibility,A11y Tree,settings_main,41,0.016126,True
a11y_dumpsys_accessibility,A11y Tree,settings_main,42,0.015865,True
a11y_dumpsys_accessibility,A11y Tree,settings_main,43,0.015326,True
a11y_dumpsys_accessibility,A11y Tree,settings_main,44,0.015536,True
a11y_dumpsys_accessibility,A11y Tree,settings_main,45,0.015325,True
a11y_dumpsys_accessibility,A11y Tree,settings_main,46,0.017821,True
a11y_dumpsys_accessibility,A11y Tree,settings_main,47,0.015669,True
a11y_dumpsys_accessibility,A11y Tree,settings_main,48,0.015767,True
a11y_dumpsys_accessibility,A11y Tree,settings_main,49,0.01633,True
a11y_dumpsys_accessibility,A11y Tree,settings_main,50,0.015936,True
a11y_dumpsys_accessibility,A11y Tree,settings_main,51,0.015234,True
a11y_dumpsys_accessibility,A11y Tree,settings_main,52,0.015214,True
a11y_dumpsys_accessibility,A11y Tree,settings_main,53,0.015046,True
a11y_dumpsys_accessibility,A11y Tree,settings_main,54,0.016054,True
a11y_dumpsys_accessibility,A11y Tree,settings_main,55,0.015511,True
a11y_dumpsys_accessibility,A11y Tree,settings_main,56,0.015349,True
a11y_dumpsys_accessibility,A11y Tree,settings_main,57,0.015646,True
a11y_dumpsys_accessibility,A11y Tree,settings_main,58,0.016186,True
a11y_dumpsys_accessibility,A11y Tree,settings_main,59,0.015609,True
a11y_dumpsys_accessibility,A11y Tree,settings_main,60,0.015681,True
a11y_dumpsys_accessibility,A11y Tree,settings_main,61,0.015518,True
a11y_dumpsys_accessibility,A11y Tree,settings_main,62,0.01567,True
a11y_dumpsys_accessibility,A11y Tree,settings_main,63,0.015337,True
a11y_dumpsys_accessibility,A11y Tree,settings_main,64,0.015161,True
a11y_dumpsys_accessibility,A11y Tree,settings_main,65,0.017711,True
a11y_dumpsys_accessibility,A11y Tree,settings_main,66,0.015699,True
a11y_dumpsys_accessibility,A11y Tree,settings_main,67,0.015064,True
a11y_dumpsys_accessibility,A11y Tree,settings_main,68,0.016526,True
a11y_dumpsys_accessibility,A11y Tree,settings_main,69,0.015829,True
a11y_dumpsys_accessibility,A11y Tree,settings_main,70,0.015762,True
a11y_dumpsys_accessibility,A11y Tree,settings_main,71,0.015209,True
a11y_dumpsys_accessibility,A11y Tree,settings_main,72,0.015079,True
a11y_dumpsys_accessibility,A11y Tree,settings_main,73,0.01543,True
a11y_dumpsys_accessibility,A11y Tree,settings_main,74,0.01602,True
a11y_dumpsys_accessibility,A11y Tree,settings_main,75,0.016158,True
a11y_dumpsys_accessibility,A11y Tree,settings_main,76,0.016616,True
a11y_dumpsys_accessibility,A11y Tree,settings_main,77,0.015634,True
a11y_dumpsys_accessibility,A11y Tree,settings_main,78,0.018419,True
a11y_dumpsys_accessibility,A11y Tree,settings_main,79,0.016092,True
a11y_dumpsys_accessibility,A11y Tree,settings_main,80,0.017073,True
a11y_dumpsys_accessibility,A11y Tree,settings_main,81,0.016655,True
a11y_dumpsys_accessibility,A11y Tree,settings_main,82,0.015159,True
a11y_dumpsys_accessibility,A11y Tree,settings_main,83,0.015345,True
a11y_dumpsys_accessibility,A11y Tree,settings_main,84,0.015895,True
a11y_dumpsys_accessibility,A11y Tree,settings_main,85,0.017219,True
a11y_dumpsys_accessibility,A11y Tree,settings_main,86,0.016201,True
a11y_dumpsys_accessibility,A11y Tree,settings_main,87,0.01564,True
a11y_dumpsys_accessibility,A11y Tree,settings_main,88,0.01633,True
a11y_dumpsys_accessibility,A11y Tree,settings_main,89,0.015838,True
a11y_dumpsys_accessibility,A11y Tree,settings_main,90,0.016354,True
a11y_dumpsys_accessibility,A11y Tree,settings_main,91,0.015659,True
a11y_dumpsys_accessibility,A11y Tree,settings_main,92,0.015601,True
a11y_dumpsys_accessibility,A11y Tree,settings_main,93,0.015826,True
a11y_dumpsys_accessibility,A11y Tree,settings_main,94,0.015757,True
a11y_dumpsys_accessibility,A11y Tree,settings_main,95,0.015503,True
a11y_dumpsys_accessibility,A11y Tree,settings_main,96,0.018773,True
a11y_dumpsys_accessibility,A11y Tree,settings_main,97,0.015695,True
a11y_dumpsys_accessibility,A11y Tree,settings_main,98,0.015564,True
a11y_dumpsys_accessibility,A11y Tree,settings_main,99,0.01557,True
a11y_dumpsys_accessibility,A11y Tree,clock,0,0.01401,True
a11y_dumpsys_accessibility,A11y Tree,clock,1,0.02142,True
a11y_dumpsys_accessibility,A11y Tree,clock,2,0.017014,True
a11y_dumpsys_accessibility,A11y Tree,clock,3,0.017195,True
a11y_dumpsys_accessibility,A11y Tree,clock,4,0.015229,True
a11y_dumpsys_accessibility,A11y Tree,clock,5,0.015377,True
a11y_dumpsys_accessibility,A11y Tree,clock,6,0.015605,True
a11y_dumpsys_accessibility,A11y Tree,clock,7,0.016452,True
a11y_dumpsys_accessibility,A11y Tree,clock,8,0.015395,True
a11y_dumpsys_accessibility,A11y Tree,clock,9,0.015435,True
a11y_dumpsys_accessibility,A11y Tree,clock,10,0.015785,True
a11y_dumpsys_accessibility,A11y Tree,clock,11,0.015494,True
a11y_dumpsys_accessibility,A11y Tree,clock,12,0.016868,True
a11y_dumpsys_accessibility,A11y Tree,clock,13,0.017817,True
a11y_dumpsys_accessibility,A11y Tree,clock,14,0.017021,True
a11y_dumpsys_accessibility,A11y Tree,clock,15,0.015925,True
a11y_dumpsys_accessibility,A11y Tree,clock,16,0.015589,True
a11y_dumpsys_accessibility,A11y Tree,clock,17,0.017107,True
a11y_dumpsys_accessibility,A11y Tree,clock,18,0.015621,True
a11y_dumpsys_accessibility,A11y Tree,clock,19,0.015848,True
a11y_dumpsys_accessibility,A11y Tree,clock,20,0.015984,True
a11y_dumpsys_accessibility,A11y Tree,clock,21,0.016333,True
a11y_dumpsys_accessibility,A11y Tree,clock,22,0.017661,True
a11y_dumpsys_accessibility,A11y Tree,clock,23,0.016258,True
a11y_dumpsys_accessibility,A11y Tree,clock,24,0.016565,True
a11y_dumpsys_accessibility,A11y Tree,clock,25,0.018083,True
a11y_dumpsys_accessibility,A11y Tree,clock,26,0.01723,True
a11y_dumpsys_accessibility,A11y Tree,clock,27,0.016156,True
a11y_dumpsys_accessibility,A11y Tree,clock,28,0.015715,True
a11y_dumpsys_accessibility,A11y Tree,clock,29,0.016683,True
a11y_dumpsys_accessibility,A11y Tree,clock,30,0.016574,True
a11y_dumpsys_accessibility,A11y Tree,clock,31,0.01623,True
a11y_dumpsys_accessibility,A11y Tree,clock,32,0.016428,True
a11y_dumpsys_accessibility,A11y Tree,clock,33,0.017048,True
a11y_dumpsys_accessibility,A11y Tree,clock,34,0.016292,True
a11y_dumpsys_accessibility,A11y Tree,clock,35,0.016863,True
a11y_dumpsys_accessibility,A11y Tree,clock,36,0.016143,True
a11y_dumpsys_accessibility,A11y Tree,clock,37,0.018643,True
a11y_dumpsys_accessibility,A11y Tree,clock,38,0.016782,True
a11y_dumpsys_accessibility,A11y Tree,clock,39,0.015961,True
a11y_dumpsys_accessibility,A11y Tree,clock,40,0.01689,True
a11y_dumpsys_accessibility,A11y Tree,clock,41,0.015526,True
a11y_dumpsys_accessibility,A11y Tree,clock,42,0.015542,True
a11y_dumpsys_accessibility,A11y Tree,clock,43,0.015857,True
a11y_dumpsys_accessibility,A11y Tree,clock,44,0.01556,True
a11y_dumpsys_accessibility,A11y Tree,clock,45,0.015866,True
a11y_dumpsys_accessibility,A11y Tree,clock,46,0.016224,True
a11y_dumpsys_accessibility,A11y Tree,clock,47,0.01736,True
a11y_dumpsys_accessibility,A11y Tree,clock,48,0.016065,True
a11y_dumpsys_accessibility,A11y Tree,clock,49,0.01602,True
a11y_dumpsys_accessibility,A11y Tree,clock,50,0.016737,True
a11y_dumpsys_accessibility,A11y Tree,clock,51,0.016311,True
a11y_dumpsys_accessibility,A11y Tree,clock,52,0.016823,True
a11y_dumpsys_accessibility,A11y Tree,clock,53,0.019222,True
a11y_dumpsys_accessibility,A11y Tree,clock,54,0.016371,True
a11y_dumpsys_accessibility,A11y Tree,clock,55,0.016004,True
a11y_dumpsys_accessibility,A11y Tree,clock,56,0.016402,True
a11y_dumpsys_accessibility,A11y Tree,clock,57,0.015566,True
a11y_dumpsys_accessibility,A11y Tree,clock,58,0.016636,True
a11y_dumpsys_accessibility,A11y Tree,clock,59,0.016262,True
a11y_dumpsys_accessibility,A11y Tree,clock,60,0.015748,True
a11y_dumpsys_accessibility,A11y Tree,clock,61,0.015473,True
a11y_dumpsys_accessibility,A11y Tree,clock,62,0.015409,True
a11y_dumpsys_accessibility,A11y Tree,clock,63,0.015698,True
a11y_dumpsys_accessibility,A11y Tree,clock,64,0.016204,True
a11y_dumpsys_accessibility,A11y Tree,clock,65,0.017006,True
a11y_dumpsys_accessibility,A11y Tree,clock,66,0.015602,True
a11y_dumpsys_accessibility,A11y Tree,clock,67,0.015601,True
a11y_dumpsys_accessibility,A11y Tree,clock,68,0.015951,True
a11y_dumpsys_accessibility,A11y Tree,clock,69,0.015212,True
a11y_dumpsys_accessibility,A11y Tree,clock,70,0.016228,True
a11y_dumpsys_accessibility,A11y Tree,clock,71,0.017205,True
a11y_dumpsys_accessibility,A11y Tree,clock,72,0.015697,True
a11y_dumpsys_accessibility,A11y Tree,clock,73,0.015953,True
a11y_dumpsys_accessibility,A11y Tree,clock,74,0.016426,True
a11y_dumpsys_accessibility,A11y Tree,clock,75,0.015385,True
a11y_dumpsys_accessibility,A11y Tree,clock,76,0.016043,True
a11y_dumpsys_accessibility,A11y Tree,clock,77,0.015531,True
a11y_dumpsys_accessibility,A11y Tree,clock,78,0.015399,True
a11y_dumpsys_accessibility,A11y Tree,clock,79,0.015412,True
a11y_dumpsys_accessibility,A11y Tree,clock,80,0.017711,True
a11y_dumpsys_accessibility,A11y Tree,clock,81,0.01591,True
a11y_dumpsys_accessibility,A11y Tree,clock,82,0.015387,True
a11y_dumpsys_accessibility,A11y Tree,clock,83,0.017284,True
a11y_dumpsys_accessibility,A11y Tree,clock,84,0.016327,True
a11y_dumpsys_accessibility,A11y Tree,clock,85,0.016123,True
a11y_dumpsys_accessibility,A11y Tree,clock,86,0.015604,True
a11y_dumpsys_accessibility,A11y Tree,clock,87,0.016869,True
a11y_dumpsys_accessibility,A11y Tree,clock,88,0.017017,True
a11y_dumpsys_accessibility,A11y Tree,clock,89,0.016851,True
a11y_dumpsys_accessibility,A11y Tree,clock,90,0.017325,True
a11y_dumpsys_accessibility,A11y Tree,clock,91,0.016959,True
a11y_dumpsys_accessibility,A11y Tree,clock,92,0.017465,True
a11y_dumpsys_accessibility,A11y Tree,clock,93,0.017052,True
a11y_dumpsys_accessibility,A11y Tree,clock,94,0.017292,True
a11y_dumpsys_accessibility,A11y Tree,clock,95,0.016948,True
a11y_dumpsys_accessibility,A11y Tree,clock,96,0.016561,True
a11y_dumpsys_accessibility,A11y Tree,clock,97,0.016118,True
a11y_dumpsys_accessibility,A11y Tree,clock,98,0.016332,True
a11y_dumpsys_accessibility,A11y Tree,clock,99,0.015662,True
a11y_dumpsys_activity_top,A11y Tree,home,0,0.021693,True
a11y_dumpsys_activity_top,A11y Tree,home,1,0.022986,True
a11y_dumpsys_activity_top,A11y Tree,home,2,0.02249,True
a11y_dumpsys_activity_top,A11y Tree,home,3,0.022582,True
a11y_dumpsys_activity_top,A11y Tree,home,4,0.023236,True
a11y_dumpsys_activity_top,A11y Tree,home,5,0.023413,True
a11y_dumpsys_activity_top,A11y Tree,home,6,0.024268,True
a11y_dumpsys_activity_top,A11y Tree,home,7,0.022969,True
a11y_dumpsys_activity_top,A11y Tree,home,8,0.024632,True
a11y_dumpsys_activity_top,A11y Tree,home,9,0.022339,True
a11y_dumpsys_activity_top,A11y Tree,home,10,0.023689,True
a11y_dumpsys_activity_top,A11y Tree,home,11,0.024705,True
a11y_dumpsys_activity_top,A11y Tree,home,12,0.023992,True
a11y_dumpsys_activity_top,A11y Tree,home,13,0.02407,True
a11y_dumpsys_activity_top,A11y Tree,home,14,0.022256,True
a11y_dumpsys_activity_top,A11y Tree,home,15,0.021772,True
a11y_dumpsys_activity_top,A11y Tree,home,16,0.023278,True
a11y_dumpsys_activity_top,A11y Tree,home,17,0.0215,True
a11y_dumpsys_activity_top,A11y Tree,home,18,0.02192,True
a11y_dumpsys_activity_top,A11y Tree,home,19,0.021561,True
a11y_dumpsys_activity_top,A11y Tree,home,20,0.022954,True
a11y_dumpsys_activity_top,A11y Tree,home,21,0.021626,True
a11y_dumpsys_activity_top,A11y Tree,home,22,0.021843,True
a11y_dumpsys_activity_top,A11y Tree,home,23,0.022237,True
a11y_dumpsys_activity_top,A11y Tree,home,24,0.021253,True
a11y_dumpsys_activity_top,A11y Tree,home,25,0.021489,True
a11y_dumpsys_activity_top,A11y Tree,home,26,0.023697,True
a11y_dumpsys_activity_top,A11y Tree,home,27,0.024024,True
a11y_dumpsys_activity_top,A11y Tree,home,28,0.021863,True
a11y_dumpsys_activity_top,A11y Tree,home,29,0.024804,True
a11y_dumpsys_activity_top,A11y Tree,home,30,0.021464,True
a11y_dumpsys_activity_top,A11y Tree,home,31,0.020941,True
a11y_dumpsys_activity_top,A11y Tree,home,32,0.02107,True
a11y_dumpsys_activity_top,A11y Tree,home,33,0.02133,True
a11y_dumpsys_activity_top,A11y Tree,home,34,0.02147,True
a11y_dumpsys_activity_top,A11y Tree,home,35,0.022592,True
a11y_dumpsys_activity_top,A11y Tree,home,36,0.02285,True
a11y_dumpsys_activity_top,A11y Tree,home,37,0.021935,True
a11y_dumpsys_activity_top,A11y Tree,home,38,0.020689,True
a11y_dumpsys_activity_top,A11y Tree,home,39,0.022091,True
a11y_dumpsys_activity_top,A11y Tree,home,40,0.024066,True
a11y_dumpsys_activity_top,A11y Tree,home,41,0.024997,True
a11y_dumpsys_activity_top,A11y Tree,home,42,0.024415,True
a11y_dumpsys_activity_top,A11y Tree,home,43,0.023939,True
a11y_dumpsys_activity_top,A11y Tree,home,44,0.022154,True
a11y_dumpsys_activity_top,A11y Tree,home,45,0.021387,True
a11y_dumpsys_activity_top,A11y Tree,home,46,0.022147,True
a11y_dumpsys_activity_top,A11y Tree,home,47,0.021132,True
a11y_dumpsys_activity_top,A11y Tree,home,48,0.021898,True
a11y_dumpsys_activity_top,A11y Tree,home,49,0.022199,True
a11y_dumpsys_activity_top,A11y Tree,home,50,0.022618,True
a11y_dumpsys_activity_top,A11y Tree,home,51,0.022003,True
a11y_dumpsys_activity_top,A11y Tree,home,52,0.023472,True
a11y_dumpsys_activity_top,A11y Tree,home,53,0.024526,True
a11y_dumpsys_activity_top,A11y Tree,home,54,0.023813,True
a11y_dumpsys_activity_top,A11y Tree,home,55,0.022354,True
a11y_dumpsys_activity_top,A11y Tree,home,56,0.021719,True
a11y_dumpsys_activity_top,A11y Tree,home,57,0.021698,True
a11y_dumpsys_activity_top,A11y Tree,home,58,0.021896,True
a11y_dumpsys_activity_top,A11y Tree,home,59,0.023528,True
a11y_dumpsys_activity_top,A11y Tree,home,60,0.022694,True
a11y_dumpsys_activity_top,A11y Tree,home,61,0.023664,True
a11y_dumpsys_activity_top,A11y Tree,home,62,0.023766,True
a11y_dumpsys_activity_top,A11y Tree,home,63,0.021945,True
a11y_dumpsys_activity_top,A11y Tree,home,64,0.021803,True
a11y_dumpsys_activity_top,A11y Tree,home,65,0.022641,True
a11y_dumpsys_activity_top,A11y Tree,home,66,0.021935,True
a11y_dumpsys_activity_top,A11y Tree,home,67,0.021513,True
a11y_dumpsys_activity_top,A11y Tree,home,68,0.023293,True
a11y_dumpsys_activity_top,A11y Tree,home,69,0.021053,True
a11y_dumpsys_activity_top,A11y Tree,home,70,0.029461,True
a11y_dumpsys_activity_top,A11y Tree,home,71,0.021007,True
a11y_dumpsys_activity_top,A11y Tree,home,72,0.022511,True
a11y_dumpsys_activity_top,A11y Tree,home,73,0.020895,True
a11y_dumpsys_activity_top,A11y Tree,home,74,0.022131,True
a11y_dumpsys_activity_top,A11y Tree,home,75,0.022142,True
a11y_dumpsys_activity_top,A11y Tree,home,76,0.02274,True
a11y_dumpsys_activity_top,A11y Tree,home,77,0.023719,True
a11y_dumpsys_activity_top,A11y Tree,home,78,0.022758,True
a11y_dumpsys_activity_top,A11y Tree,home,79,0.021746,True
a11y_dumpsys_activity_top,A11y Tree,home,80,0.024935,True
a11y_dumpsys_activity_top,A11y Tree,home,81,0.025343,True
a11y_dumpsys_activity_top,A11y Tree,home,82,0.024152,True
a11y_dumpsys_activity_top,A11y Tree,home,83,0.023413,True
a11y_dumpsys_activity_top,A11y Tree,home,84,0.023317,True
a11y_dumpsys_activity_top,A11y Tree,home,85,0.025103,True
a11y_dumpsys_activity_top,A11y Tree,home,86,0.023423,True
a11y_dumpsys_activity_top,A11y Tree,home,87,0.022992,True
a11y_dumpsys_activity_top,A11y Tree,home,88,0.023321,True
a11y_dumpsys_activity_top,A11y Tree,home,89,0.02367,True
a11y_dumpsys_activity_top,A11y Tree,home,90,0.025466,True
a11y_dumpsys_activity_top,A11y Tree,home,91,0.023816,True
a11y_dumpsys_activity_top,A11y Tree,home,92,0.024528,True
a11y_dumpsys_activity_top,A11y Tree,home,93,0.023897,True
a11y_dumpsys_activity_top,A11y Tree,home,94,0.022609,True
a11y_dumpsys_activity_top,A11y Tree,home,95,0.024251,True
a11y_dumpsys_activity_top,A11y Tree,home,96,0.024069,True
a11y_dumpsys_activity_top,A11y Tree,home,97,0.025699,True
a11y_dumpsys_activity_top,A11y Tree,home,98,0.024161,True
a11y_dumpsys_activity_top,A11y Tree,home,99,0.028204,True
a11y_dumpsys_activity_top,A11y Tree,settings_main,0,0.023677,True
a11y_dumpsys_activity_top,A11y Tree,settings_main,1,0.02672,True
a11y_dumpsys_activity_top,A11y Tree,settings_main,2,0.025032,True
a11y_dumpsys_activity_top,A11y Tree,settings_main,3,0.023559,True
a11y_dumpsys_activity_top,A11y Tree,settings_main,4,0.021926,True
a11y_dumpsys_activity_top,A11y Tree,settings_main,5,0.022079,True
a11y_dumpsys_activity_top,A11y Tree,settings_main,6,0.023461,True
a11y_dumpsys_activity_top,A11y Tree,settings_main,7,0.020548,True
a11y_dumpsys_activity_top,A11y Tree,settings_main,8,0.020795,True
a11y_dumpsys_activity_top,A11y Tree,settings_main,9,0.024362,True
a11y_dumpsys_activity_top,A11y Tree,settings_main,10,0.021825,True
a11y_dumpsys_activity_top,A11y Tree,settings_main,11,0.022798,True
a11y_dumpsys_activity_top,A11y Tree,settings_main,12,0.022751,True
a11y_dumpsys_activity_top,A11y Tree,settings_main,13,0.025715,True
a11y_dumpsys_activity_top,A11y Tree,settings_main,14,0.022859,True
a11y_dumpsys_activity_top,A11y Tree,settings_main,15,0.023758,True
a11y_dumpsys_activity_top,A11y Tree,settings_main,16,0.02288,True
a11y_dumpsys_activity_top,A11y Tree,settings_main,17,0.024666,True
a11y_dumpsys_activity_top,A11y Tree,settings_main,18,0.021415,True
a11y_dumpsys_activity_top,A11y Tree,settings_main,19,0.023314,True
a11y_dumpsys_activity_top,A11y Tree,settings_main,20,0.023204,True
a11y_dumpsys_activity_top,A11y Tree,settings_main,21,0.022848,True
a11y_dumpsys_activity_top,A11y Tree,settings_main,22,0.024578,True
a11y_dumpsys_activity_top,A11y Tree,settings_main,23,0.022379,True
a11y_dumpsys_activity_top,A11y Tree,settings_main,24,0.023379,True
a11y_dumpsys_activity_top,A11y Tree,settings_main,25,0.023305,True
a11y_dumpsys_activity_top,A11y Tree,settings_main,26,0.023398,True
a11y_dumpsys_activity_top,A11y Tree,settings_main,27,0.02436,True
a11y_dumpsys_activity_top,A11y Tree,settings_main,28,0.02279,True
a11y_dumpsys_activity_top,A11y Tree,settings_main,29,0.022815,True
a11y_dumpsys_activity_top,A11y Tree,settings_main,30,0.023295,True
a11y_dumpsys_activity_top,A11y Tree,settings_main,31,0.023247,True
a11y_dumpsys_activity_top,A11y Tree,settings_main,32,0.027258,True
a11y_dumpsys_activity_top,A11y Tree,settings_main,33,0.022997,True
a11y_dumpsys_activity_top,A11y Tree,settings_main,34,0.022978,True
a11y_dumpsys_activity_top,A11y Tree,settings_main,35,0.021874,True
a11y_dumpsys_activity_top,A11y Tree,settings_main,36,0.022963,True
a11y_dumpsys_activity_top,A11y Tree,settings_main,37,0.023349,True
a11y_dumpsys_activity_top,A11y Tree,settings_main,38,0.022631,True
a11y_dumpsys_activity_top,A11y Tree,settings_main,39,0.023698,True
a11y_dumpsys_activity_top,A11y Tree,settings_main,40,0.023695,True
a11y_dumpsys_activity_top,A11y Tree,settings_main,41,0.022844,True
a11y_dumpsys_activity_top,A11y Tree,settings_main,42,0.022584,True
a11y_dumpsys_activity_top,A11y Tree,settings_main,43,0.023342,True
a11y_dumpsys_activity_top,A11y Tree,settings_main,44,0.023218,True
a11y_dumpsys_activity_top,A11y Tree,settings_main,45,0.024094,True
a11y_dumpsys_activity_top,A11y Tree,settings_main,46,0.021923,True
a11y_dumpsys_activity_top,A11y Tree,settings_main,47,0.021585,True
a11y_dumpsys_activity_top,A11y Tree,settings_main,48,0.02194,True
a11y_dumpsys_activity_top,A11y Tree,settings_main,49,0.02283,True
a11y_dumpsys_activity_top,A11y Tree,settings_main,50,0.022309,True
a11y_dumpsys_activity_top,A11y Tree,settings_main,51,0.025519,True
a11y_dumpsys_activity_top,A11y Tree,settings_main,52,0.025361,True
a11y_dumpsys_activity_top,A11y Tree,settings_main,53,0.024317,True
a11y_dumpsys_activity_top,A11y Tree,settings_main,54,0.02641,True
a11y_dumpsys_activity_top,A11y Tree,settings_main,55,0.024337,True
a11y_dumpsys_activity_top,A11y Tree,settings_main,56,0.024608,True
a11y_dumpsys_activity_top,A11y Tree,settings_main,57,0.02502,True
a11y_dumpsys_activity_top,A11y Tree,settings_main,58,0.02345,True
a11y_dumpsys_activity_top,A11y Tree,settings_main,59,0.021269,True
a11y_dumpsys_activity_top,A11y Tree,settings_main,60,0.021886,True
a11y_dumpsys_activity_top,A11y Tree,settings_main,61,0.022321,True
a11y_dumpsys_activity_top,A11y Tree,settings_main,62,0.022995,True
a11y_dumpsys_activity_top,A11y Tree,settings_main,63,0.021903,True
a11y_dumpsys_activity_top,A11y Tree,settings_main,64,0.023771,True
a11y_dumpsys_activity_top,A11y Tree,settings_main,65,0.021578,True
a11y_dumpsys_activity_top,A11y Tree,settings_main,66,0.023301,True
a11y_dumpsys_activity_top,A11y Tree,settings_main,67,0.022115,True
a11y_dumpsys_activity_top,A11y Tree,settings_main,68,0.021725,True
a11y_dumpsys_activity_top,A11y Tree,settings_main,69,0.0232,True
a11y_dumpsys_activity_top,A11y Tree,settings_main,70,0.021553,True
a11y_dumpsys_activity_top,A11y Tree,settings_main,71,0.026683,True
a11y_dumpsys_activity_top,A11y Tree,settings_main,72,0.021839,True
a11y_dumpsys_activity_top,A11y Tree,settings_main,73,0.020705,True
a11y_dumpsys_activity_top,A11y Tree,settings_main,74,0.022683,True
a11y_dumpsys_activity_top,A11y Tree,settings_main,75,0.021781,True
a11y_dumpsys_activity_top,A11y Tree,settings_main,76,0.020748,True
a11y_dumpsys_activity_top,A11y Tree,settings_main,77,0.020658,True
a11y_dumpsys_activity_top,A11y Tree,settings_main,78,0.022287,True
a11y_dumpsys_activity_top,A11y Tree,settings_main,79,0.021944,True
a11y_dumpsys_activity_top,A11y Tree,settings_main,80,0.021416,True
a11y_dumpsys_activity_top,A11y Tree,settings_main,81,0.023251,True
a11y_dumpsys_activity_top,A11y Tree,settings_main,82,0.02195,True
a11y_dumpsys_activity_top,A11y Tree,settings_main,83,0.022542,True
a11y_dumpsys_activity_top,A11y Tree,settings_main,84,0.022527,True
a11y_dumpsys_activity_top,A11y Tree,settings_main,85,0.021136,True
a11y_dumpsys_activity_top,A11y Tree,settings_main,86,0.021179,True
a11y_dumpsys_activity_top,A11y Tree,settings_main,87,0.021406,True
a11y_dumpsys_activity_top,A11y Tree,settings_main,88,0.020811,True
a11y_dumpsys_activity_top,A11y Tree,settings_main,89,0.020768,True
a11y_dumpsys_activity_top,A11y Tree,settings_main,90,0.021421,True
a11y_dumpsys_activity_top,A11y Tree,settings_main,91,0.020883,True
a11y_dumpsys_activity_top,A11y Tree,settings_main,92,0.024023,True
a11y_dumpsys_activity_top,A11y Tree,settings_main,93,0.02086,True
a11y_dumpsys_activity_top,A11y Tree,settings_main,94,0.021095,True
a11y_dumpsys_activity_top,A11y Tree,settings_main,95,0.022636,True
a11y_dumpsys_activity_top,A11y Tree,settings_main,96,0.022393,True
a11y_dumpsys_activity_top,A11y Tree,settings_main,97,0.023321,True
a11y_dumpsys_activity_top,A11y Tree,settings_main,98,0.023001,True
a11y_dumpsys_activity_top,A11y Tree,settings_main,99,0.022442,True
a11y_dumpsys_activity_top,A11y Tree,clock,0,0.020708,True
a11y_dumpsys_activity_top,A11y Tree,clock,1,0.022844,True
a11y_dumpsys_activity_top,A11y Tree,clock,2,0.024232,True
a11y_dumpsys_activity_top,A11y Tree,clock,3,0.023315,True
a11y_dumpsys_activity_top,A11y Tree,clock,4,0.037132,True
a11y_dumpsys_activity_top,A11y Tree,clock,5,0.023857,True
a11y_dumpsys_activity_top,A11y Tree,clock,6,0.024984,True
a11y_dumpsys_activity_top,A11y Tree,clock,7,0.024714,True
a11y_dumpsys_activity_top,A11y Tree,clock,8,0.023702,True
a11y_dumpsys_activity_top,A11y Tree,clock,9,0.022979,True
a11y_dumpsys_activity_top,A11y Tree,clock,10,0.022354,True
a11y_dumpsys_activity_top,A11y Tree,clock,11,0.022832,True
a11y_dumpsys_activity_top,A11y Tree,clock,12,0.024668,True
a11y_dumpsys_activity_top,A11y Tree,clock,13,0.023647,True
a11y_dumpsys_activity_top,A11y Tree,clock,14,0.02233,True
a11y_dumpsys_activity_top,A11y Tree,clock,15,0.022991,True
a11y_dumpsys_activity_top,A11y Tree,clock,16,0.023184,True
a11y_dumpsys_activity_top,A11y Tree,clock,17,0.024286,True
a11y_dumpsys_activity_top,A11y Tree,clock,18,0.023057,True
a11y_dumpsys_activity_top,A11y Tree,clock,19,0.022522,True
a11y_dumpsys_activity_top,A11y Tree,clock,20,0.021799,True
a11y_dumpsys_activity_top,A11y Tree,clock,21,0.023196,True
a11y_dumpsys_activity_top,A11y Tree,clock,22,0.021002,True
a11y_dumpsys_activity_top,A11y Tree,clock,23,0.02284,True
a11y_dumpsys_activity_top,A11y Tree,clock,24,0.022067,True
a11y_dumpsys_activity_top,A11y Tree,clock,25,0.022396,True
a11y_dumpsys_activity_top,A11y Tree,clock,26,0.023905,True
a11y_dumpsys_activity_top,A11y Tree,clock,27,0.024743,True
a11y_dumpsys_activity_top,A11y Tree,clock,28,0.024899,True
a11y_dumpsys_activity_top,A11y Tree,clock,29,0.024267,True
a11y_dumpsys_activity_top,A11y Tree,clock,30,0.024545,True
a11y_dumpsys_activity_top,A11y Tree,clock,31,0.024996,True
a11y_dumpsys_activity_top,A11y Tree,clock,32,0.021271,True
a11y_dumpsys_activity_top,A11y Tree,clock,33,0.020927,True
a11y_dumpsys_activity_top,A11y Tree,clock,34,0.021363,True
a11y_dumpsys_activity_top,A11y Tree,clock,35,0.021046,True
a11y_dumpsys_activity_top,A11y Tree,clock,36,0.021577,True
a11y_dumpsys_activity_top,A11y Tree,clock,37,0.021062,True
a11y_dumpsys_activity_top,A11y Tree,clock,38,0.021137,True
a11y_dumpsys_activity_top,A11y Tree,clock,39,0.022601,True
a11y_dumpsys_activity_top,A11y Tree,clock,40,0.02294,True
a11y_dumpsys_activity_top,A11y Tree,clock,41,0.021967,True
a11y_dumpsys_activity_top,A11y Tree,clock,42,0.022199,True
a11y_dumpsys_activity_top,A11y Tree,clock,43,0.023944,True
a11y_dumpsys_activity_top,A11y Tree,clock,44,0.022409,True
a11y_dumpsys_activity_top,A11y Tree,clock,45,0.022965,True
a11y_dumpsys_activity_top,A11y Tree,clock,46,0.023305,True
a11y_dumpsys_activity_top,A11y Tree,clock,47,0.023032,True
a11y_dumpsys_activity_top,A11y Tree,clock,48,0.023426,True
a11y_dumpsys_activity_top,A11y Tree,clock,49,0.023349,True
a11y_dumpsys_activity_top,A11y Tree,clock,50,0.023291,True
a11y_dumpsys_activity_top,A11y Tree,clock,51,0.023041,True
a11y_dumpsys_activity_top,A11y Tree,clock,52,0.023762,True
a11y_dumpsys_activity_top,A11y Tree,clock,53,0.022975,True
a11y_dumpsys_activity_top,A11y Tree,clock,54,0.02443,True
a11y_dumpsys_activity_top,A11y Tree,clock,55,0.0233,True
a11y_dumpsys_activity_top,A11y Tree,clock,56,0.023905,True
a11y_dumpsys_activity_top,A11y Tree,clock,57,0.022706,True
a11y_dumpsys_activity_top,A11y Tree,clock,58,0.023818,True
a11y_dumpsys_activity_top,A11y Tree,clock,59,0.023873,True
a11y_dumpsys_activity_top,A11y Tree,clock,60,0.022126,True
a11y_dumpsys_activity_top,A11y Tree,clock,61,0.024498,True
a11y_dumpsys_activity_top,A11y Tree,clock,62,0.023556,True
a11y_dumpsys_activity_top,A11y Tree,clock,63,0.021369,True
a11y_dumpsys_activity_top,A11y Tree,clock,64,0.021929,True
a11y_dumpsys_activity_top,A11y Tree,clock,65,0.023263,True
a11y_dumpsys_activity_top,A11y Tree,clock,66,0.024829,True
a11y_dumpsys_activity_top,A11y Tree,clock,67,0.021525,True
a11y_dumpsys_activity_top,A11y Tree,clock,68,0.025084,True
a11y_dumpsys_activity_top,A11y Tree,clock,69,0.025389,True
a11y_dumpsys_activity_top,A11y Tree,clock,70,0.023434,True
a11y_dumpsys_activity_top,A11y Tree,clock,71,0.02283,True
a11y_dumpsys_activity_top,A11y Tree,clock,72,0.022287,True
a11y_dumpsys_activity_top,A11y Tree,clock,73,0.021636,True
a11y_dumpsys_activity_top,A11y Tree,clock,74,0.022846,True
a11y_dumpsys_activity_top,A11y Tree,clock,75,0.022436,True
a11y_dumpsys_activity_top,A11y Tree,clock,76,0.023013,True
a11y_dumpsys_activity_top,A11y Tree,clock,77,0.022061,True
a11y_dumpsys_activity_top,A11y Tree,clock,78,0.021797,True
a11y_dumpsys_activity_top,A11y Tree,clock,79,0.021026,True
a11y_dumpsys_activity_top,A11y Tree,clock,80,0.021842,True
a11y_dumpsys_activity_top,A11y Tree,clock,81,0.020651,True
a11y_dumpsys_activity_top,A11y Tree,clock,82,0.020866,True
a11y_dumpsys_activity_top,A11y Tree,clock,83,0.021903,True
a11y_dumpsys_activity_top,A11y Tree,clock,84,0.020649,True
a11y_dumpsys_activity_top,A11y Tree,clock,85,0.0222,True
a11y_dumpsys_activity_top,A11y Tree,clock,86,0.021981,True
a11y_dumpsys_activity_top,A11y Tree,clock,87,0.02195,True
a11y_dumpsys_activity_top,A11y Tree,clock,88,0.020649,True
a11y_dumpsys_activity_top,A11y Tree,clock,89,0.022112,True
a11y_dumpsys_activity_top,A11y Tree,clock,90,0.021784,True
a11y_dumpsys_activity_top,A11y Tree,clock,91,0.023185,True
a11y_dumpsys_activity_top,A11y Tree,clock,92,0.024049,True
a11y_dumpsys_activity_top,A11y Tree,clock,93,0.023708,True
a11y_dumpsys_activity_top,A11y Tree,clock,94,0.023095,True
a11y_dumpsys_activity_top,A11y Tree,clock,95,0.023703,True
a11y_dumpsys_activity_top,A11y Tree,clock,96,0.024852,True
a11y_dumpsys_activity_top,A11y Tree,clock,97,0.022722,True
a11y_dumpsys_activity_top,A11y Tree,clock,98,0.023366,True
a11y_dumpsys_activity_top,A11y Tree,clock,99,0.022493,True
adb_getprop,Direct ADB,home,0,0.011269,True
adb_getprop,Direct ADB,home,1,0.012558,True
adb_getprop,Direct ADB,home,2,0.012867,True
adb_getprop,Direct ADB,home,3,0.012915,True
adb_getprop,Direct ADB,home,4,0.013174,True
adb_getprop,Direct ADB,home,5,0.012683,True
adb_getprop,Direct ADB,home,6,0.01261,True
adb_getprop,Direct ADB,home,7,0.013369,True
adb_getprop,Direct ADB,home,8,0.012809,True
adb_getprop,Direct ADB,home,9,0.012766,True
adb_getprop,Direct ADB,home,10,0.012757,True
adb_getprop,Direct ADB,home,11,0.012662,True
adb_getprop,Direct ADB,home,12,0.013474,True
adb_getprop,Direct ADB,home,13,0.012246,True
adb_getprop,Direct ADB,home,14,0.012522,True
adb_getprop,Direct ADB,home,15,0.012075,True
adb_getprop,Direct ADB,home,16,0.013334,True
adb_getprop,Direct ADB,home,17,0.011985,True
adb_getprop,Direct ADB,home,18,0.014418,True
adb_getprop,Direct ADB,home,19,0.013215,True
adb_getprop,Direct ADB,home,20,0.014454,True
adb_getprop,Direct ADB,home,21,0.01331,True
adb_getprop,Direct ADB,home,22,0.012381,True
adb_getprop,Direct ADB,home,23,0.011938,True
adb_getprop,Direct ADB,home,24,0.011929,True
adb_getprop,Direct ADB,home,25,0.012953,True
adb_getprop,Direct ADB,home,26,0.011987,True
adb_getprop,Direct ADB,home,27,0.012836,True
adb_getprop,Direct ADB,home,28,0.012564,True
adb_getprop,Direct ADB,home,29,0.013317,True
adb_getprop,Direct ADB,home,30,0.012593,True
adb_getprop,Direct ADB,home,31,0.013177,True
adb_getprop,Direct ADB,home,32,0.013141,True
adb_getprop,Direct ADB,home,33,0.014449,True
adb_getprop,Direct ADB,home,34,0.012712,True
adb_getprop,Direct ADB,home,35,0.012996,True
adb_getprop,Direct ADB,home,36,0.01247,True
adb_getprop,Direct ADB,home,37,0.01256,True
adb_getprop,Direct ADB,home,38,0.011872,True
adb_getprop,Direct ADB,home,39,0.012271,True
adb_getprop,Direct ADB,home,40,0.012255,True
adb_getprop,Direct ADB,home,41,0.012133,True
adb_getprop,Direct ADB,home,42,0.012264,True
adb_getprop,Direct ADB,home,43,0.013388,True
adb_getprop,Direct ADB,home,44,0.012124,True
adb_getprop,Direct ADB,home,45,0.012494,True
adb_getprop,Direct ADB,home,46,0.012125,True
adb_getprop,Direct ADB,home,47,0.012863,True
adb_getprop,Direct ADB,home,48,0.012137,True
adb_getprop,Direct ADB,home,49,0.011784,True
adb_getprop,Direct ADB,home,50,0.012143,True
adb_getprop,Direct ADB,home,51,0.013504,True
adb_getprop,Direct ADB,home,52,0.01203,True
adb_getprop,Direct ADB,home,53,0.012263,True
adb_getprop,Direct ADB,home,54,0.012478,True
adb_getprop,Direct ADB,home,55,0.013836,True
adb_getprop,Direct ADB,home,56,0.012809,True
adb_getprop,Direct ADB,home,57,0.013228,True
adb_getprop,Direct ADB,home,58,0.012892,True
adb_getprop,Direct ADB,home,59,0.013857,True
adb_getprop,Direct ADB,home,60,0.012538,True
adb_getprop,Direct ADB,home,61,0.012383,True
adb_getprop,Direct ADB,home,62,0.012844,True
adb_getprop,Direct ADB,home,63,0.012897,True
adb_getprop,Direct ADB,home,64,0.012416,True
adb_getprop,Direct ADB,home,65,0.013185,True
adb_getprop,Direct ADB,home,66,0.013489,True
adb_getprop,Direct ADB,home,67,0.012981,True
adb_getprop,Direct ADB,home,68,0.012674,True
adb_getprop,Direct ADB,home,69,0.01439,True
adb_getprop,Direct ADB,home,70,0.012777,True
adb_getprop,Direct ADB,home,71,0.012869,True
adb_getprop,Direct ADB,home,72,0.013026,True
adb_getprop,Direct ADB,home,73,0.013885,True
adb_getprop,Direct ADB,home,74,0.016451,True
adb_getprop,Direct ADB,home,75,0.014491,True
adb_getprop,Direct ADB,home,76,0.012591,True
adb_getprop,Direct ADB,home,77,0.012735,True
adb_getprop,Direct ADB,home,78,0.012443,True
adb_getprop,Direct ADB,home,79,0.012867,True
adb_getprop,Direct ADB,home,80,0.014042,True
adb_getprop,Direct ADB,home,81,0.01268,True
adb_getprop,Direct ADB,home,82,0.013659,True
adb_getprop,Direct ADB,home,83,0.012551,True
adb_getprop,Direct ADB,home,84,0.012703,True
adb_getprop,Direct ADB,home,85,0.01234,True
adb_getprop,Direct ADB,home,86,0.012598,True
adb_getprop,Direct ADB,home,87,0.012418,True
adb_getprop,Direct ADB,home,88,0.012876,True
adb_getprop,Direct ADB,home,89,0.012792,True
adb_getprop,Direct ADB,home,90,0.013548,True
adb_getprop,Direct ADB,home,91,0.013214,True
adb_getprop,Direct ADB,home,92,0.013866,True
adb_getprop,Direct ADB,home,93,0.014401,True
adb_getprop,Direct ADB,home,94,0.012716,True
adb_getprop,Direct ADB,home,95,0.013269,True
adb_getprop,Direct ADB,home,96,0.013423,True
adb_getprop,Direct ADB,home,97,0.012976,True
adb_getprop,Direct ADB,home,98,0.012759,True
adb_getprop,Direct ADB,home,99,0.013315,True
adb_getprop,Direct ADB,settings_main,0,0.012009,True
adb_getprop,Direct ADB,settings_main,1,0.012925,True
adb_getprop,Direct ADB,settings_main,2,0.013006,True
adb_getprop,Direct ADB,settings_main,3,0.013138,True
adb_getprop,Direct ADB,settings_main,4,0.013134,True
adb_getprop,Direct ADB,settings_main,5,0.014385,True
adb_getprop,Direct ADB,settings_main,6,0.015101,True
adb_getprop,Direct ADB,settings_main,7,0.015912,True
adb_getprop,Direct ADB,settings_main,8,0.012326,True
adb_getprop,Direct ADB,settings_main,9,0.012596,True
adb_getprop,Direct ADB,settings_main,10,0.012681,True
adb_getprop,Direct ADB,settings_main,11,0.012833,True
adb_getprop,Direct ADB,settings_main,12,0.013022,True
adb_getprop,Direct ADB,settings_main,13,0.012093,True
adb_getprop,Direct ADB,settings_main,14,0.012073,True
adb_getprop,Direct ADB,settings_main,15,0.012591,True
adb_getprop,Direct ADB,settings_main,16,0.012417,True
adb_getprop,Direct ADB,settings_main,17,0.012282,True
adb_getprop,Direct ADB,settings_main,18,0.012646,True
adb_getprop,Direct ADB,settings_main,19,0.011981,True
adb_getprop,Direct ADB,settings_main,20,0.012309,True
adb_getprop,Direct ADB,settings_main,21,0.012349,True
adb_getprop,Direct ADB,settings_main,22,0.012876,True
adb_getprop,Direct ADB,settings_main,23,0.012358,True
adb_getprop,Direct ADB,settings_main,24,0.011943,True
adb_getprop,Direct ADB,settings_main,25,0.011986,True
adb_getprop,Direct ADB,settings_main,26,0.013397,True
adb_getprop,Direct ADB,settings_main,27,0.012261,True
adb_getprop,Direct ADB,settings_main,28,0.012079,True
adb_getprop,Direct ADB,settings_main,29,0.012183,True
adb_getprop,Direct ADB,settings_main,30,0.013091,True
adb_getprop,Direct ADB,settings_main,31,0.012419,True
adb_getprop,Direct ADB,settings_main,32,0.011757,True
adb_getprop,Direct ADB,settings_main,33,0.012117,True
adb_getprop,Direct ADB,settings_main,34,0.012469,True
adb_getprop,Direct ADB,settings_main,35,0.013004,True
adb_getprop,Direct ADB,settings_main,36,0.012595,True
adb_getprop,Direct ADB,settings_main,37,0.013102,True
adb_getprop,Direct ADB,settings_main,38,0.015224,True
adb_getprop,Direct ADB,settings_main,39,0.012301,True
adb_getprop,Direct ADB,settings_main,40,0.012185,True
adb_getprop,Direct ADB,settings_main,41,0.012385,True
adb_getprop,Direct ADB,settings_main,42,0.013669,True
adb_getprop,Direct ADB,settings_main,43,0.013109,True
adb_getprop,Direct ADB,settings_main,44,0.012174,True
adb_getprop,Direct ADB,settings_main,45,0.012254,True
adb_getprop,Direct ADB,settings_main,46,0.012076,True
adb_getprop,Direct ADB,settings_main,47,0.012081,True
adb_getprop,Direct ADB,settings_main,48,0.012756,True
adb_getprop,Direct ADB,settings_main,49,0.012523,True
adb_getprop,Direct ADB,settings_main,50,0.012894,True
adb_getprop,Direct ADB,settings_main,51,0.012098,True
adb_getprop,Direct ADB,settings_main,52,0.013267,True
adb_getprop,Direct ADB,settings_main,53,0.012876,True
adb_getprop,Direct ADB,settings_main,54,0.013654,True
adb_getprop,Direct ADB,settings_main,55,0.012068,True
adb_getprop,Direct ADB,settings_main,56,0.012423,True
adb_getprop,Direct ADB,settings_main,57,0.012004,True
adb_getprop,Direct ADB,settings_main,58,0.013745,True
adb_getprop,Direct ADB,settings_main,59,0.013097,True
adb_getprop,Direct ADB,settings_main,60,0.013188,True
adb_getprop,Direct ADB,settings_main,61,0.013507,True
adb_getprop,Direct ADB,settings_main,62,0.013392,True
adb_getprop,Direct ADB,settings_main,63,0.01291,True
adb_getprop,Direct ADB,settings_main,64,0.012829,True
adb_getprop,Direct ADB,settings_main,65,0.013025,True
adb_getprop,Direct ADB,settings_main,66,0.012126,True
adb_getprop,Direct ADB,settings_main,67,0.01213,True
adb_getprop,Direct ADB,settings_main,68,0.012177,True
adb_getprop,Direct ADB,settings_main,69,0.011877,True
adb_getprop,Direct ADB,settings_main,70,0.014733,True
adb_getprop,Direct ADB,settings_main,71,0.012079,True
adb_getprop,Direct ADB,settings_main,72,0.012447,True
adb_getprop,Direct ADB,settings_main,73,0.014114,True
adb_getprop,Direct ADB,settings_main,74,0.012593,True
adb_getprop,Direct ADB,settings_main,75,0.012417,True
adb_getprop,Direct ADB,settings_main,76,0.011979,True
adb_getprop,Direct ADB,settings_main,77,0.012227,True
adb_getprop,Direct ADB,settings_main,78,0.013139,True
adb_getprop,Direct ADB,settings_main,79,0.013194,True
adb_getprop,Direct ADB,settings_main,80,0.012641,True
adb_getprop,Direct ADB,settings_main,81,0.01171,True
adb_getprop,Direct ADB,settings_main,82,0.012246,True
adb_getprop,Direct ADB,settings_main,83,0.012542,True
adb_getprop,Direct ADB,settings_main,84,0.011885,True
adb_getprop,Direct ADB,settings_main,85,0.012088,True
adb_getprop,Direct ADB,settings_main,86,0.012014,True
adb_getprop,Direct ADB,settings_main,87,0.012593,True
adb_getprop,Direct ADB,settings_main,88,0.01272,True
adb_getprop,Direct ADB,settings_main,89,0.01245,True
adb_getprop,Direct ADB,settings_main,90,0.011813,True
adb_getprop,Direct ADB,settings_main,91,0.012401,True
adb_getprop,Direct ADB,settings_main,92,0.012942,True
adb_getprop,Direct ADB,settings_main,93,0.012087,True
adb_getprop,Direct ADB,settings_main,94,0.012414,True
adb_getprop,Direct ADB,settings_main,95,0.012115,True
adb_getprop,Direct ADB,settings_main,96,0.012395,True
adb_getprop,Direct ADB,settings_main,97,0.012193,True
adb_getprop,Direct ADB,settings_main,98,0.012099,True
adb_getprop,Direct ADB,settings_main,99,0.012424,True
adb_getprop,Direct ADB,clock,0,0.011337,True
adb_getprop,Direct ADB,clock,1,0.015744,True
adb_getprop,Direct ADB,clock,2,0.013814,True
adb_getprop,Direct ADB,clock,3,0.012478,True
adb_getprop,Direct ADB,clock,4,0.012139,True
adb_getprop,Direct ADB,clock,5,0.012287,True
adb_getprop,Direct ADB,clock,6,0.014085,True
adb_getprop,Direct ADB,clock,7,0.013242,True
adb_getprop,Direct ADB,clock,8,0.01187,True
adb_getprop,Direct ADB,clock,9,0.013637,True
adb_getprop,Direct ADB,clock,10,0.012467,True
adb_getprop,Direct ADB,clock,11,0.012735,True
adb_getprop,Direct ADB,clock,12,0.013349,True
adb_getprop,Direct ADB,clock,13,0.014104,True
adb_getprop,Direct ADB,clock,14,0.013095,True
adb_getprop,Direct ADB,clock,15,0.012476,True
adb_getprop,Direct ADB,clock,16,0.012121,True
adb_getprop,Direct ADB,clock,17,0.012316,True
adb_getprop,Direct ADB,clock,18,0.012037,True
adb_getprop,Direct ADB,clock,19,0.012398,True
adb_getprop,Direct ADB,clock,20,0.011915,True
adb_getprop,Direct ADB,clock,21,0.012629,True
adb_getprop,Direct ADB,clock,22,0.012009,True
adb_getprop,Direct ADB,clock,23,0.01201,True
adb_getprop,Direct ADB,clock,24,0.012137,True
adb_getprop,Direct ADB,clock,25,0.012311,True
adb_getprop,Direct ADB,clock,26,0.011805,True
adb_getprop,Direct ADB,clock,27,0.012338,True
adb_getprop,Direct ADB,clock,28,0.012187,True
adb_getprop,Direct ADB,clock,29,0.011804,True
adb_getprop,Direct ADB,clock,30,0.011991,True
adb_getprop,Direct ADB,clock,31,0.011956,True
adb_getprop,Direct ADB,clock,32,0.012275,True
adb_getprop,Direct ADB,clock,33,0.012016,True
adb_getprop,Direct ADB,clock,34,0.011664,True
adb_getprop,Direct ADB,clock,35,0.012157,True
adb_getprop,Direct ADB,clock,36,0.012948,True
adb_getprop,Direct ADB,clock,37,0.01246,True
adb_getprop,Direct ADB,clock,38,0.011966,True
adb_getprop,Direct ADB,clock,39,0.012054,True
adb_getprop,Direct ADB,clock,40,0.012466,True
adb_getprop,Direct ADB,clock,41,0.012505,True
adb_getprop,Direct ADB,clock,42,0.012255,True
adb_getprop,Direct ADB,clock,43,0.011978,True
adb_getprop,Direct ADB,clock,44,0.012177,True
adb_getprop,Direct ADB,clock,45,0.012467,True
adb_getprop,Direct ADB,clock,46,0.012764,True
adb_getprop,Direct ADB,clock,47,0.012131,True
adb_getprop,Direct ADB,clock,48,0.012048,True
adb_getprop,Direct ADB,clock,49,0.012208,True
adb_getprop,Direct ADB,clock,50,0.01218,True
adb_getprop,Direct ADB,clock,51,0.012105,True
adb_getprop,Direct ADB,clock,52,0.012819,True
adb_getprop,Direct ADB,clock,53,0.012004,True
adb_getprop,Direct ADB,clock,54,0.012304,True
adb_getprop,Direct ADB,clock,55,0.012127,True
adb_getprop,Direct ADB,clock,56,0.012099,True
adb_getprop,Direct ADB,clock,57,0.011848,True
adb_getprop,Direct ADB,clock,58,0.012905,True
adb_getprop,Direct ADB,clock,59,0.012129,True
adb_getprop,Direct ADB,clock,60,0.012191,True
adb_getprop,Direct ADB,clock,61,0.012554,True
adb_getprop,Direct ADB,clock,62,0.011823,True
adb_getprop,Direct ADB,clock,63,0.014143,True
adb_getprop,Direct ADB,clock,64,0.011758,True
adb_getprop,Direct ADB,clock,65,0.011992,True
adb_getprop,Direct ADB,clock,66,0.011888,True
adb_getprop,Direct ADB,clock,67,0.01238,True
adb_getprop,Direct ADB,clock,68,0.012509,True
adb_getprop,Direct ADB,clock,69,0.012178,True
adb_getprop,Direct ADB,clock,70,0.012382,True
adb_getprop,Direct ADB,clock,71,0.011846,True
adb_getprop,Direct ADB,clock,72,0.012431,True
adb_getprop,Direct ADB,clock,73,0.011886,True
adb_getprop,Direct ADB,clock,74,0.012046,True
adb_getprop,Direct ADB,clock,75,0.012153,True
adb_getprop,Direct ADB,clock,76,0.011891,True
adb_getprop,Direct ADB,clock,77,0.012731,True
adb_getprop,Direct ADB,clock,78,0.012207,True
adb_getprop,Direct ADB,clock,79,0.011986,True
adb_getprop,Direct ADB,clock,80,0.012073,True
adb_getprop,Direct ADB,clock,81,0.012306,True
adb_getprop,Direct ADB,clock,82,0.011779,True
adb_getprop,Direct ADB,clock,83,0.011741,True
adb_getprop,Direct ADB,clock,84,0.012859,True
adb_getprop,Direct ADB,clock,85,0.012725,True
adb_getprop,Direct ADB,clock,86,0.011991,True
adb_getprop,Direct ADB,clock,87,0.013388,True
adb_getprop,Direct ADB,clock,88,0.011941,True
adb_getprop,Direct ADB,clock,89,0.012364,True
adb_getprop,Direct ADB,clock,90,0.012343,True
adb_getprop,Direct ADB,clock,91,0.011966,True
adb_getprop,Direct ADB,clock,92,0.011901,True
adb_getprop,Direct ADB,clock,93,0.012198,True
adb_getprop,Direct ADB,clock,94,0.012553,True
adb_getprop,Direct ADB,clock,95,0.011897,True
adb_getprop,Direct ADB,clock,96,0.012119,True
adb_getprop,Direct ADB,clock,97,0.012194,True
adb_getprop,Direct ADB,clock,98,0.01227,True
adb_getprop,Direct ADB,clock,99,0.012301,True
adb_wm_size,Direct ADB,home,0,0.016616,True
adb_wm_size,Direct ADB,home,1,0.018647,True
adb_wm_size,Direct ADB,home,2,0.018129,True
adb_wm_size,Direct ADB,home,3,0.018815,True
adb_wm_size,Direct ADB,home,4,0.021246,True
adb_wm_size,Direct ADB,home,5,0.018973,True
adb_wm_size,Direct ADB,home,6,0.01923,True
adb_wm_size,Direct ADB,home,7,0.018721,True
adb_wm_size,Direct ADB,home,8,0.018299,True
adb_wm_size,Direct ADB,home,9,0.018765,True
adb_wm_size,Direct ADB,home,10,0.018592,True
adb_wm_size,Direct ADB,home,11,0.018389,True
adb_wm_size,Direct ADB,home,12,0.01902,True
adb_wm_size,Direct ADB,home,13,0.018572,True
adb_wm_size,Direct ADB,home,14,0.018426,True
adb_wm_size,Direct ADB,home,15,0.019218,True
adb_wm_size,Direct ADB,home,16,0.018497,True
adb_wm_size,Direct ADB,home,17,0.019534,True
adb_wm_size,Direct ADB,home,18,0.0185,True
adb_wm_size,Direct ADB,home,19,0.0189,True
adb_wm_size,Direct ADB,home,20,0.01829,True
adb_wm_size,Direct ADB,home,21,0.018413,True
adb_wm_size,Direct ADB,home,22,0.01936,True
adb_wm_size,Direct ADB,home,23,0.01902,True
adb_wm_size,Direct ADB,home,24,0.018559,True
adb_wm_size,Direct ADB,home,25,0.018366,True
adb_wm_size,Direct ADB,home,26,0.018151,True
adb_wm_size,Direct ADB,home,27,0.018518,True
adb_wm_size,Direct ADB,home,28,0.018796,True
adb_wm_size,Direct ADB,home,29,0.019664,True
adb_wm_size,Direct ADB,home,30,0.018579,True
adb_wm_size,Direct ADB,home,31,0.018502,True
adb_wm_size,Direct ADB,home,32,0.018606,True
adb_wm_size,Direct ADB,home,33,0.018711,True
adb_wm_size,Direct ADB,home,34,0.018781,True
adb_wm_size,Direct ADB,home,35,0.018629,True
adb_wm_size,Direct ADB,home,36,0.018547,True
adb_wm_size,Direct ADB,home,37,0.01865,True
adb_wm_size,Direct ADB,home,38,0.021468,True
adb_wm_size,Direct ADB,home,39,0.018893,True
adb_wm_size,Direct ADB,home,40,0.019733,True
adb_wm_size,Direct ADB,home,41,0.018482,True
adb_wm_size,Direct ADB,home,42,0.018258,True
adb_wm_size,Direct ADB,home,43,0.018446,True
adb_wm_size,Direct ADB,home,44,0.020309,True
adb_wm_size,Direct ADB,home,45,0.01948,True
adb_wm_size,Direct ADB,home,46,0.018263,True
adb_wm_size,Direct ADB,home,47,0.018502,True
adb_wm_size,Direct ADB,home,48,0.018427,True
adb_wm_size,Direct ADB,home,49,0.019592,True
adb_wm_size,Direct ADB,home,50,0.018681,True
adb_wm_size,Direct ADB,home,51,0.018739,True
adb_wm_size,Direct ADB,home,52,0.02023,True
adb_wm_size,Direct ADB,home,53,0.018814,True
adb_wm_size,Direct ADB,home,54,0.01883,True
adb_wm_size,Direct ADB,home,55,0.020243,True
adb_wm_size,Direct ADB,home,56,0.018469,True
adb_wm_size,Direct ADB,home,57,0.018916,True
adb_wm_size,Direct ADB,home,58,0.018791,True
adb_wm_size,Direct ADB,home,59,0.019453,True
adb_wm_size,Direct ADB,home,60,0.018615,True
adb_wm_size,Direct ADB,home,61,0.019029,True
adb_wm_size,Direct ADB,home,62,0.020183,True
adb_wm_size,Direct ADB,home,63,0.019899,True
adb_wm_size,Direct ADB,home,64,0.020259,True
adb_wm_size,Direct ADB,home,65,0.020164,True
adb_wm_size,Direct ADB,home,66,0.018543,True
adb_wm_size,Direct ADB,home,67,0.018348,True
adb_wm_size,Direct ADB,home,68,0.018715,True
adb_wm_size,Direct ADB,home,69,0.018477,True
adb_wm_size,Direct ADB,home,70,0.019889,True
adb_wm_size,Direct ADB,home,71,0.018677,True
adb_wm_size,Direct ADB,home,72,0.019253,True
adb_wm_size,Direct ADB,home,73,0.018537,True
adb_wm_size,Direct ADB,home,74,0.018633,True
adb_wm_size,Direct ADB,home,75,0.019112,True
adb_wm_size,Direct ADB,home,76,0.018499,True
adb_wm_size,Direct ADB,home,77,0.018915,True
adb_wm_size,Direct ADB,home,78,0.019003,True
adb_wm_size,Direct ADB,home,79,0.019232,True
adb_wm_size,Direct ADB,home,80,0.018132,True
adb_wm_size,Direct ADB,home,81,0.019034,True
adb_wm_size,Direct ADB,home,82,0.0188,True
adb_wm_size,Direct ADB,home,83,0.021626,True
adb_wm_size,Direct ADB,home,84,0.019072,True
adb_wm_size,Direct ADB,home,85,0.020222,True
adb_wm_size,Direct ADB,home,86,0.018698,True
adb_wm_size,Direct ADB,home,87,0.018729,True
adb_wm_size,Direct ADB,home,88,0.017885,True
adb_wm_size,Direct ADB,home,89,0.01803,True
adb_wm_size,Direct ADB,home,90,0.018679,True
adb_wm_size,Direct ADB,home,91,0.019331,True
adb_wm_size,Direct ADB,home,92,0.021452,True
adb_wm_size,Direct ADB,home,93,0.018762,True
adb_wm_size,Direct ADB,home,94,0.020833,True
adb_wm_size,Direct ADB,home,95,0.018751,True
adb_wm_size,Direct ADB,home,96,0.021508,True
adb_wm_size,Direct ADB,home,97,0.018584,True
adb_wm_size,Direct ADB,home,98,0.018597,True
adb_wm_size,Direct ADB,home,99,0.018796,True
adb_wm_size,Direct ADB,settings_main,0,0.016542,True
adb_wm_size,Direct ADB,settings_main,1,0.01926,True
adb_wm_size,Direct ADB,settings_main,2,0.019137,True
adb_wm_size,Direct ADB,settings_main,3,0.02119,True
adb_wm_size,Direct ADB,settings_main,4,0.01874,True
adb_wm_size,Direct ADB,settings_main,5,0.022416,True
adb_wm_size,Direct ADB,settings_main,6,0.02219,True
adb_wm_size,Direct ADB,settings_main,7,0.019865,True
adb_wm_size,Direct ADB,settings_main,8,0.018306,True
adb_wm_size,Direct ADB,settings_main,9,0.018731,True
adb_wm_size,Direct ADB,settings_main,10,0.018484,True
adb_wm_size,Direct ADB,settings_main,11,0.019779,True
adb_wm_size,Direct ADB,settings_main,12,0.018343,True
adb_wm_size,Direct ADB,settings_main,13,0.018284,True
adb_wm_size,Direct ADB,settings_main,14,0.019127,True
adb_wm_size,Direct ADB,settings_main,15,0.018372,True
adb_wm_size,Direct ADB,settings_main,16,0.018503,True
adb_wm_size,Direct ADB,settings_main,17,0.018713,True
adb_wm_size,Direct ADB,settings_main,18,0.019326,True
adb_wm_size,Direct ADB,settings_main,19,0.018595,True
adb_wm_size,Direct ADB,settings_main,20,0.02028,True
adb_wm_size,Direct ADB,settings_main,21,0.018749,True
adb_wm_size,Direct ADB,settings_main,22,0.020368,True
adb_wm_size,Direct ADB,settings_main,23,0.019181,True
adb_wm_size,Direct ADB,settings_main,24,0.019688,True
adb_wm_size,Direct ADB,settings_main,25,0.019379,True
adb_wm_size,Direct ADB,settings_main,26,0.02035,True
adb_wm_size,Direct ADB,settings_main,27,0.021674,True
adb_wm_size,Direct ADB,settings_main,28,0.02093,True
adb_wm_size,Direct ADB,settings_main,29,0.018367,True
adb_wm_size,Direct ADB,settings_main,30,0.018566,True
adb_wm_size,Direct ADB,settings_main,31,0.019689,True
adb_wm_size,Direct ADB,settings_main,32,0.021864,True
adb_wm_size,Direct ADB,settings_main,33,0.018988,True
adb_wm_size,Direct ADB,settings_main,34,0.019829,True
adb_wm_size,Direct ADB,settings_main,35,0.021578,True
adb_wm_size,Direct ADB,settings_main,36,0.019636,True
adb_wm_size,Direct ADB,settings_main,37,0.021445,True
adb_wm_size,Direct ADB,settings_main,38,0.019396,True
adb_wm_size,Direct ADB,settings_main,39,0.021631,True
adb_wm_size,Direct ADB,settings_main,40,0.020038,True
adb_wm_size,Direct ADB,settings_main,41,0.019104,True
adb_wm_size,Direct ADB,settings_main,42,0.020268,True
adb_wm_size,Direct ADB,settings_main,43,0.020414,True
adb_wm_size,Direct ADB,settings_main,44,0.020189,True
adb_wm_size,Direct ADB,settings_main,45,0.020043,True
adb_wm_size,Direct ADB,settings_main,46,0.019584,True
adb_wm_size,Direct ADB,settings_main,47,0.019283,True
adb_wm_size,Direct ADB,settings_main,48,0.018476,True
adb_wm_size,Direct ADB,settings_main,49,0.018743,True
adb_wm_size,Direct ADB,settings_main,50,0.018578,True
adb_wm_size,Direct ADB,settings_main,51,0.018588,True
adb_wm_size,Direct ADB,settings_main,52,0.018741,True
adb_wm_size,Direct ADB,settings_main,53,0.018492,True
adb_wm_size,Direct ADB,settings_main,54,0.018876,True
adb_wm_size,Direct ADB,settings_main,55,0.018316,True
adb_wm_size,Direct ADB,settings_main,56,0.018942,True
adb_wm_size,Direct ADB,settings_main,57,0.01847,True
adb_wm_size,Direct ADB,settings_main,58,0.01836,True
adb_wm_size,Direct ADB,settings_main,59,0.018506,True
adb_wm_size,Direct ADB,settings_main,60,0.018923,True
adb_wm_size,Direct ADB,settings_main,61,0.018964,True
adb_wm_size,Direct ADB,settings_main,62,0.01877,True
adb_wm_size,Direct ADB,settings_main,63,0.018976,True
adb_wm_size,Direct ADB,settings_main,64,0.019093,True
adb_wm_size,Direct ADB,settings_main,65,0.019512,True
adb_wm_size,Direct ADB,settings_main,66,0.018633,True
adb_wm_size,Direct ADB,settings_main,67,0.018705,True
adb_wm_size,Direct ADB,settings_main,68,0.018884,True
adb_wm_size,Direct ADB,settings_main,69,0.018362,True
adb_wm_size,Direct ADB,settings_main,70,0.018215,True
adb_wm_size,Direct ADB,settings_main,71,0.018391,True
adb_wm_size,Direct ADB,settings_main,72,0.018341,True
adb_wm_size,Direct ADB,settings_main,73,0.019398,True
adb_wm_size,Direct ADB,settings_main,74,0.018331,True
adb_wm_size,Direct ADB,settings_main,75,0.018544,True
adb_wm_size,Direct ADB,settings_main,76,0.018237,True
adb_wm_size,Direct ADB,settings_main,77,0.020308,True
adb_wm_size,Direct ADB,settings_main,78,0.018403,True
adb_wm_size,Direct ADB,settings_main,79,0.018972,True
adb_wm_size,Direct ADB,settings_main,80,0.018746,True
adb_wm_size,Direct ADB,settings_main,81,0.018587,True
adb_wm_size,Direct ADB,settings_main,82,0.018559,True
adb_wm_size,Direct ADB,settings_main,83,0.018817,True
adb_wm_size,Direct ADB,settings_main,84,0.019293,True
adb_wm_size,Direct ADB,settings_main,85,0.020089,True
adb_wm_size,Direct ADB,settings_main,86,0.018909,True
adb_wm_size,Direct ADB,settings_main,87,0.020617,True
adb_wm_size,Direct ADB,settings_main,88,0.01968,True
adb_wm_size,Direct ADB,settings_main,89,0.019552,True
adb_wm_size,Direct ADB,settings_main,90,0.020923,True
adb_wm_size,Direct ADB,settings_main,91,0.019123,True
adb_wm_size,Direct ADB,settings_main,92,0.019569,True
adb_wm_size,Direct ADB,settings_main,93,0.019108,True
adb_wm_size,Direct ADB,settings_main,94,0.019514,True
adb_wm_size,Direct ADB,settings_main,95,0.018946,True
adb_wm_size,Direct ADB,settings_main,96,0.018426,True
adb_wm_size,Direct ADB,settings_main,97,0.018508,True
adb_wm_size,Direct ADB,settings_main,98,0.019206,True
adb_wm_size,Direct ADB,settings_main,99,0.019624,True
adb_wm_size,Direct ADB,clock,0,0.016393,True
adb_wm_size,Direct ADB,clock,1,0.021917,True
adb_wm_size,Direct ADB,clock,2,0.018776,True
adb_wm_size,Direct ADB,clock,3,0.018465,True
adb_wm_size,Direct ADB,clock,4,0.018345,True
adb_wm_size,Direct ADB,clock,5,0.019734,True
adb_wm_size,Direct ADB,clock,6,0.022787,True
adb_wm_size,Direct ADB,clock,7,0.019144,True
adb_wm_size,Direct ADB,clock,8,0.0182,True
adb_wm_size,Direct ADB,clock,9,0.018372,True
adb_wm_size,Direct ADB,clock,10,0.018412,True
adb_wm_size,Direct ADB,clock,11,0.018581,True
adb_wm_size,Direct ADB,clock,12,0.018126,True
adb_wm_size,Direct ADB,clock,13,0.018349,True
adb_wm_size,Direct ADB,clock,14,0.018805,True
adb_wm_size,Direct ADB,clock,15,0.019286,True
adb_wm_size,Direct ADB,clock,16,0.018783,True
adb_wm_size,Direct ADB,clock,17,0.018397,True
adb_wm_size,Direct ADB,clock,18,0.018623,True
adb_wm_size,Direct ADB,clock,19,0.018745,True
adb_wm_size,Direct ADB,clock,20,0.019164,True
adb_wm_size,Direct ADB,clock,21,0.018954,True
adb_wm_size,Direct ADB,clock,22,0.019609,True
adb_wm_size,Direct ADB,clock,23,0.018293,True
adb_wm_size,Direct ADB,clock,24,0.01859,True
adb_wm_size,Direct ADB,clock,25,0.018296,True
adb_wm_size,Direct ADB,clock,26,0.018659,True
adb_wm_size,Direct ADB,clock,27,0.018508,True
adb_wm_size,Direct ADB,clock,28,0.018267,True
adb_wm_size,Direct ADB,clock,29,0.01804,True
adb_wm_size,Direct ADB,clock,30,0.018812,True
adb_wm_size,Direct ADB,clock,31,0.0183,True
adb_wm_size,Direct ADB,clock,32,0.020803,True
adb_wm_size,Direct ADB,clock,33,0.018194,True
adb_wm_size,Direct ADB,clock,34,0.020336,True
adb_wm_size,Direct ADB,clock,35,0.01836,True
adb_wm_size,Direct ADB,clock,36,0.018634,True
adb_wm_size,Direct ADB,clock,37,0.017766,True
adb_wm_size,Direct ADB,clock,38,0.018489,True
adb_wm_size,Direct ADB,clock,39,0.018477,True
adb_wm_size,Direct ADB,clock,40,0.018763,True
adb_wm_size,Direct ADB,clock,41,0.018377,True
adb_wm_size,Direct ADB,clock,42,0.019817,True
adb_wm_size,Direct ADB,clock,43,0.018924,True
adb_wm_size,Direct ADB,clock,44,0.018215,True
adb_wm_size,Direct ADB,clock,45,0.018385,True
adb_wm_size,Direct ADB,clock,46,0.01827,True
adb_wm_size,Direct ADB,clock,47,0.019105,True
adb_wm_size,Direct ADB,clock,48,0.018773,True
adb_wm_size,Direct ADB,clock,49,0.018192,True
adb_wm_size,Direct ADB,clock,50,0.019488,True
adb_wm_size,Direct ADB,clock,51,0.018345,True
adb_wm_size,Direct ADB,clock,52,0.019945,True
adb_wm_size,Direct ADB,clock,53,0.018485,True
adb_wm_size,Direct ADB,clock,54,0.017899,True
adb_wm_size,Direct ADB,clock,55,0.018182,True
adb_wm_size,Direct ADB,clock,56,0.01898,True
adb_wm_size,Direct ADB,clock,57,0.018153,True
adb_wm_size,Direct ADB,clock,58,0.019363,True
adb_wm_size,Direct ADB,clock,59,0.018616,True
adb_wm_size,Direct ADB,clock,60,0.01863,True
adb_wm_size,Direct ADB,clock,61,0.019008,True
adb_wm_size,Direct ADB,clock,62,0.018628,True
adb_wm_size,Direct ADB,clock,63,0.01895,True
adb_wm_size,Direct ADB,clock,64,0.019382,True
adb_wm_size,Direct ADB,clock,65,0.01866,True
adb_wm_size,Direct ADB,clock,66,0.01885,True
adb_wm_size,Direct ADB,clock,67,0.018287,True
adb_wm_size,Direct ADB,clock,68,0.01887,True
adb_wm_size,Direct ADB,clock,69,0.018565,True
adb_wm_size,Direct ADB,clock,70,0.018518,True
adb_wm_size,Direct ADB,clock,71,0.018721,True
adb_wm_size,Direct ADB,clock,72,0.018416,True
adb_wm_size,Direct ADB,clock,73,0.019181,True
adb_wm_size,Direct ADB,clock,74,0.018843,True
adb_wm_size,Direct ADB,clock,75,0.018731,True
adb_wm_size,Direct ADB,clock,76,0.018255,True
adb_wm_size,Direct ADB,clock,77,0.018305,True
adb_wm_size,Direct ADB,clock,78,0.019227,True
adb_wm_size,Direct ADB,clock,79,0.018189,True
adb_wm_size,Direct ADB,clock,80,0.018413,True
adb_wm_size,Direct ADB,clock,81,0.018795,True
adb_wm_size,Direct ADB,clock,82,0.018486,True
adb_wm_size,Direct ADB,clock,83,0.018368,True
adb_wm_size,Direct ADB,clock,84,0.020201,True
adb_wm_size,Direct ADB,clock,85,0.018351,True
adb_wm_size,Direct ADB,clock,86,0.018399,True
adb_wm_size,Direct ADB,clock,87,0.018446,True
adb_wm_size,Direct ADB,clock,88,0.018458,True
adb_wm_size,Direct ADB,clock,89,0.018406,True
adb_wm_size,Direct ADB,clock,90,0.018947,True
adb_wm_size,Direct ADB,clock,91,0.018381,True
adb_wm_size,Direct ADB,clock,92,0.018556,True
adb_wm_size,Direct ADB,clock,93,0.021248,True
adb_wm_size,Direct ADB,clock,94,0.018882,True
adb_wm_size,Direct ADB,clock,95,0.019536,True
adb_wm_size,Direct ADB,clock,96,0.018401,True
adb_wm_size,Direct ADB,clock,97,0.018178,True
adb_wm_size,Direct ADB,clock,98,0.019059,True
adb_wm_size,Direct ADB,clock,99,0.019719,True
adb_input_tap,Direct ADB,home,0,0.018413,True
adb_input_tap,Direct ADB,home,1,0.019771,True
adb_input_tap,Direct ADB,home,2,0.020326,True
adb_input_tap,Direct ADB,home,3,0.01969,True
adb_input_tap,Direct ADB,home,4,0.019993,True
adb_input_tap,Direct ADB,home,5,0.020369,True
adb_input_tap,Direct ADB,home,6,0.020065,True
adb_input_tap,Direct ADB,home,7,0.01989,True
adb_input_tap,Direct ADB,home,8,0.019406,True
adb_input_tap,Direct ADB,home,9,0.019809,True
adb_input_tap,Direct ADB,home,10,0.022294,True
adb_input_tap,Direct ADB,home,11,0.019533,True
adb_input_tap,Direct ADB,home,12,0.019109,True
adb_input_tap,Direct ADB,home,13,0.019163,True
adb_input_tap,Direct ADB,home,14,0.020085,True
adb_input_tap,Direct ADB,home,15,0.020327,True
adb_input_tap,Direct ADB,home,16,0.019801,True
adb_input_tap,Direct ADB,home,17,0.019833,True
adb_input_tap,Direct ADB,home,18,0.019901,True
adb_input_tap,Direct ADB,home,19,0.019467,True
adb_input_tap,Direct ADB,home,20,0.020238,True
adb_input_tap,Direct ADB,home,21,0.019523,True
adb_input_tap,Direct ADB,home,22,0.020044,True
adb_input_tap,Direct ADB,home,23,0.019612,True
adb_input_tap,Direct ADB,home,24,0.019832,True
adb_input_tap,Direct ADB,home,25,0.019743,True
adb_input_tap,Direct ADB,home,26,0.020028,True
adb_input_tap,Direct ADB,home,27,0.0197,True
adb_input_tap,Direct ADB,home,28,0.0201,True
adb_input_tap,Direct ADB,home,29,0.019825,True
adb_input_tap,Direct ADB,home,30,0.019795,True
adb_input_tap,Direct ADB,home,31,0.021452,True
adb_input_tap,Direct ADB,home,32,0.019839,True
adb_input_tap,Direct ADB,home,33,0.020001,True
adb_input_tap,Direct ADB,home,34,0.019667,True
adb_input_tap,Direct ADB,home,35,0.020272,True
adb_input_tap,Direct ADB,home,36,0.019321,True
adb_input_tap,Direct ADB,home,37,0.019325,True
adb_input_tap,Direct ADB,home,38,0.019592,True
adb_input_tap,Direct ADB,home,39,0.019843,True
adb_input_tap,Direct ADB,home,40,0.019589,True
adb_input_tap,Direct ADB,home,41,0.019719,True
adb_input_tap,Direct ADB,home,42,0.019678,True
adb_input_tap,Direct ADB,home,43,0.019865,True
adb_input_tap,Direct ADB,home,44,0.019585,True
adb_input_tap,Direct ADB,home,45,0.019508,True
adb_input_tap,Direct ADB,home,46,0.019572,True
adb_input_tap,Direct ADB,home,47,0.021717,True
adb_input_tap,Direct ADB,home,48,0.019732,True
adb_input_tap,Direct ADB,home,49,0.020041,True
adb_input_tap,Direct ADB,home,50,0.020017,True
adb_input_tap,Direct ADB,home,51,0.020414,True
adb_input_tap,Direct ADB,home,52,0.019968,True
adb_input_tap,Direct ADB,home,53,0.019898,True
adb_input_tap,Direct ADB,home,54,0.020034,True
adb_input_tap,Direct ADB,home,55,0.019641,True
adb_input_tap,Direct ADB,home,56,0.022027,True
adb_input_tap,Direct ADB,home,57,0.020558,True
adb_input_tap,Direct ADB,home,58,0.019656,True
adb_input_tap,Direct ADB,home,59,0.020014,True
adb_input_tap,Direct ADB,home,60,0.019741,True
adb_input_tap,Direct ADB,home,61,0.020531,True
adb_input_tap,Direct ADB,home,62,0.020225,True
adb_input_tap,Direct ADB,home,63,0.020051,True
adb_input_tap,Direct ADB,home,64,0.01995,True
adb_input_tap,Direct ADB,home,65,0.019602,True
adb_input_tap,Direct ADB,home,66,0.020661,True
adb_input_tap,Direct ADB,home,67,0.019239,True
adb_input_tap,Direct ADB,home,68,0.019445,True
adb_input_tap,Direct ADB,home,69,0.020185,True
adb_input_tap,Direct ADB,home,70,0.019625,True
adb_input_tap,Direct ADB,home,71,0.020103,True
adb_input_tap,Direct ADB,home,72,0.020195,True
adb_input_tap,Direct ADB,home,73,0.019581,True
adb_input_tap,Direct ADB,home,74,0.019323,True
adb_input_tap,Direct ADB,home,75,0.019703,True
adb_input_tap,Direct ADB,home,76,0.021519,True
adb_input_tap,Direct ADB,home,77,0.01982,True
adb_input_tap,Direct ADB,home,78,0.019688,True
adb_input_tap,Direct ADB,home,79,0.019897,True
adb_input_tap,Direct ADB,home,80,0.020345,True
adb_input_tap,Direct ADB,home,81,0.0197,True
adb_input_tap,Direct ADB,home,82,0.01962,True
adb_input_tap,Direct ADB,home,83,0.019979,True
adb_input_tap,Direct ADB,home,84,0.019475,True
adb_input_tap,Direct ADB,home,85,0.02018,True
adb_input_tap,Direct ADB,home,86,0.019459,True
adb_input_tap,Direct ADB,home,87,0.019603,True
adb_input_tap,Direct ADB,home,88,0.019883,True
adb_input_tap,Direct ADB,home,89,0.020097,True
adb_input_tap,Direct ADB,home,90,0.020411,True
adb_input_tap,Direct ADB,home,91,0.020747,True
adb_input_tap,Direct ADB,home,92,0.020046,True
adb_input_tap,Direct ADB,home,93,0.019969,True
adb_input_tap,Direct ADB,home,94,0.019959,True
adb_input_tap,Direct ADB,home,95,0.019885,True
adb_input_tap,Direct ADB,home,96,0.020944,True
adb_input_tap,Direct ADB,home,97,0.019866,True
adb_input_tap,Direct ADB,home,98,0.019155,True
adb_input_tap,Direct ADB,home,99,0.019905,True
adb_input_tap,Direct ADB,settings_main,0,0.021372,True
adb_input_tap,Direct ADB,settings_main,1,0.019734,True
adb_input_tap,Direct ADB,settings_main,2,0.021868,True
adb_input_tap,Direct ADB,settings_main,3,0.022856,True
adb_input_tap,Direct ADB,settings_main,4,0.020611,True
adb_input_tap,Direct ADB,settings_main,5,0.022111,True
adb_input_tap,Direct ADB,settings_main,6,0.019678,True
adb_input_tap,Direct ADB,settings_main,7,0.019854,True
adb_input_tap,Direct ADB,settings_main,8,0.019903,True
adb_input_tap,Direct ADB,settings_main,9,0.02034,True
adb_input_tap,Direct ADB,settings_main,10,0.020602,True
adb_input_tap,Direct ADB,settings_main,11,0.019811,True
adb_input_tap,Direct ADB,settings_main,12,0.01979,True
adb_input_tap,Direct ADB,settings_main,13,0.020838,True
adb_input_tap,Direct ADB,settings_main,14,0.019625,True
adb_input_tap,Direct ADB,settings_main,15,0.020428,True
adb_input_tap,Direct ADB,settings_main,16,0.019914,True
adb_input_tap,Direct ADB,settings_main,17,0.019509,True
adb_input_tap,Direct ADB,settings_main,18,0.020242,True
adb_input_tap,Direct ADB,settings_main,19,0.02001,True
adb_input_tap,Direct ADB,settings_main,20,0.020399,True
adb_input_tap,Direct ADB,settings_main,21,0.019742,True
adb_input_tap,Direct ADB,settings_main,22,0.019958,True
adb_input_tap,Direct ADB,settings_main,23,0.019695,True
adb_input_tap,Direct ADB,settings_main,24,0.020348,True
adb_input_tap,Direct ADB,settings_main,25,0.020824,True
adb_input_tap,Direct ADB,settings_main,26,0.019686,True
adb_input_tap,Direct ADB,settings_main,27,0.019661,True
adb_input_tap,Direct ADB,settings_main,28,0.01985,True
adb_input_tap,Direct ADB,settings_main,29,0.021004,True
adb_input_tap,Direct ADB,settings_main,30,0.020249,True
adb_input_tap,Direct ADB,settings_main,31,0.019534,True
adb_input_tap,Direct ADB,settings_main,32,0.019623,True
adb_input_tap,Direct ADB,settings_main,33,0.019863,True
adb_input_tap,Direct ADB,settings_main,34,0.020229,True
adb_input_tap,Direct ADB,settings_main,35,0.020623,True
adb_input_tap,Direct ADB,settings_main,36,0.019395,True
adb_input_tap,Direct ADB,settings_main,37,0.019535,True
adb_input_tap,Direct ADB,settings_main,38,0.020342,True
adb_input_tap,Direct ADB,settings_main,39,0.019694,True
adb_input_tap,Direct ADB,settings_main,40,0.020239,True
adb_input_tap,Direct ADB,settings_main,41,0.019816,True
adb_input_tap,Direct ADB,settings_main,42,0.019716,True
adb_input_tap,Direct ADB,settings_main,43,0.019423,True
adb_input_tap,Direct ADB,settings_main,44,0.019538,True
adb_input_tap,Direct ADB,settings_main,45,0.021335,True
adb_input_tap,Direct ADB,settings_main,46,0.020127,True
adb_input_tap,Direct ADB,settings_main,47,0.019802,True
adb_input_tap,Direct ADB,settings_main,48,0.020028,True
adb_input_tap,Direct ADB,settings_main,49,0.020063,True
adb_input_tap,Direct ADB,settings_main,50,0.019971,True
adb_input_tap,Direct ADB,settings_main,51,0.019708,True
adb_input_tap,Direct ADB,settings_main,52,0.020135,True
adb_input_tap,Direct ADB,settings_main,53,0.019563,True
adb_input_tap,Direct ADB,settings_main,54,0.019977,True
adb_input_tap,Direct ADB,settings_main,55,0.019495,True
adb_input_tap,Direct ADB,settings_main,56,0.019905,True
adb_input_tap,Direct ADB,settings_main,57,0.019527,True
adb_input_tap,Direct ADB,settings_main,58,0.020538,True
adb_input_tap,Direct ADB,settings_main,59,0.019775,True
adb_input_tap,Direct ADB,settings_main,60,0.020564,True
adb_input_tap,Direct ADB,settings_main,61,0.019946,True
adb_input_tap,Direct ADB,settings_main,62,0.019752,True
adb_input_tap,Direct ADB,settings_main,63,0.020122,True
adb_input_tap,Direct ADB,settings_main,64,0.020196,True
adb_input_tap,Direct ADB,settings_main,65,0.02041,True
adb_input_tap,Direct ADB,settings_main,66,0.019988,True
adb_input_tap,Direct ADB,settings_main,67,0.019807,True
adb_input_tap,Direct ADB,settings_main,68,0.020182,True
adb_input_tap,Direct ADB,settings_main,69,0.019691,True
adb_input_tap,Direct ADB,settings_main,70,0.020459,True
adb_input_tap,Direct ADB,settings_main,71,0.019891,True
adb_input_tap,Direct ADB,settings_main,72,0.020366,True
adb_input_tap,Direct ADB,settings_main,73,0.020619,True
adb_input_tap,Direct ADB,settings_main,74,0.020245,True
adb_input_tap,Direct ADB,settings_main,75,0.021381,True
adb_input_tap,Direct ADB,settings_main,76,0.019526,True
adb_input_tap,Direct ADB,settings_main,77,0.02021,True
adb_input_tap,Direct ADB,settings_main,78,0.019916,True
adb_input_tap,Direct ADB,settings_main,79,0.020838,True
adb_input_tap,Direct ADB,settings_main,80,0.020692,True
adb_input_tap,Direct ADB,settings_main,81,0.019992,True
adb_input_tap,Direct ADB,settings_main,82,0.019717,True
adb_input_tap,Direct ADB,settings_main,83,0.019718,True
adb_input_tap,Direct ADB,settings_main,84,0.020432,True
adb_input_tap,Direct ADB,settings_main,85,0.021305,True
adb_input_tap,Direct ADB,settings_main,86,0.019616,True
adb_input_tap,Direct ADB,settings_main,87,0.020857,True
adb_input_tap,Direct ADB,settings_main,88,0.019688,True
adb_input_tap,Direct ADB,settings_main,89,0.019824,True
adb_input_tap,Direct ADB,settings_main,90,0.02078,True
adb_input_tap,Direct ADB,settings_main,91,0.019746,True
adb_input_tap,Direct ADB,settings_main,92,0.020044,True
adb_input_tap,Direct ADB,settings_main,93,0.020904,True
adb_input_tap,Direct ADB,settings_main,94,0.019526,True
adb_input_tap,Direct ADB,settings_main,95,0.019919,True
adb_input_tap,Direct ADB,settings_main,96,0.020441,True
adb_input_tap,Direct ADB,settings_main,97,0.020027,True
adb_input_tap,Direct ADB,settings_main,98,0.020369,True
adb_input_tap,Direct ADB,settings_main,99,0.019848,True
adb_input_tap,Direct ADB,clock,0,0.017894,True
adb_input_tap,Direct ADB,clock,1,0.022665,True
adb_input_tap,Direct ADB,clock,2,0.022801,True
adb_input_tap,Direct ADB,clock,3,0.020009,True
adb_input_tap,Direct ADB,clock,4,0.020575,True
adb_input_tap,Direct ADB,clock,5,0.025273,True
adb_input_tap,Direct ADB,clock,6,0.023842,True
adb_input_tap,Direct ADB,clock,7,0.022607,True
adb_input_tap,Direct ADB,clock,8,0.020956,True
adb_input_tap,Direct ADB,clock,9,0.021076,True
adb_input_tap,Direct ADB,clock,10,0.019602,True
adb_input_tap,Direct ADB,clock,11,0.019722,True
adb_input_tap,Direct ADB,clock,12,0.019752,True
adb_input_tap,Direct ADB,clock,13,0.020084,True
adb_input_tap,Direct ADB,clock,14,0.019653,True
adb_input_tap,Direct ADB,clock,15,0.019346,True
adb_input_tap,Direct ADB,clock,16,0.020002,True
adb_input_tap,Direct ADB,clock,17,0.02,True
adb_input_tap,Direct ADB,clock,18,0.019674,True
adb_input_tap,Direct ADB,clock,19,0.01983,True
adb_input_tap,Direct ADB,clock,20,0.020565,True
adb_input_tap,Direct ADB,clock,21,0.019592,True
adb_input_tap,Direct ADB,clock,22,0.019556,True
adb_input_tap,Direct ADB,clock,23,0.020421,True
adb_input_tap,Direct ADB,clock,24,0.019202,True
adb_input_tap,Direct ADB,clock,25,0.019657,True
adb_input_tap,Direct ADB,clock,26,0.019616,True
adb_input_tap,Direct ADB,clock,27,0.019664,True
adb_input_tap,Direct ADB,clock,28,0.021178,True
adb_input_tap,Direct ADB,clock,29,0.019455,True
adb_input_tap,Direct ADB,clock,30,0.019419,True
adb_input_tap,Direct ADB,clock,31,0.019671,True
adb_input_tap,Direct ADB,clock,32,0.019996,True
adb_input_tap,Direct ADB,clock,33,0.02014,True
adb_input_tap,Direct ADB,clock,34,0.019705,True
adb_input_tap,Direct ADB,clock,35,0.019663,True
adb_input_tap,Direct ADB,clock,36,0.019688,True
adb_input_tap,Direct ADB,clock,37,0.020052,True
adb_input_tap,Direct ADB,clock,38,0.020041,True
adb_input_tap,Direct ADB,clock,39,0.019887,True
adb_input_tap,Direct ADB,clock,40,0.019771,True
adb_input_tap,Direct ADB,clock,41,0.020515,True
adb_input_tap,Direct ADB,clock,42,0.019464,True
adb_input_tap,Direct ADB,clock,43,0.020212,True
adb_input_tap,Direct ADB,clock,44,0.019314,True
adb_input_tap,Direct ADB,clock,45,0.020131,True
adb_input_tap,Direct ADB,clock,46,0.019645,True
adb_input_tap,Direct ADB,clock,47,0.019725,True
adb_input_tap,Direct ADB,clock,48,0.019478,True
adb_input_tap,Direct ADB,clock,49,0.020245,True
adb_input_tap,Direct ADB,clock,50,0.019758,True
adb_input_tap,Direct ADB,clock,51,0.01945,True
adb_input_tap,Direct ADB,clock,52,0.019783,True
adb_input_tap,Direct ADB,clock,53,0.020352,True
adb_input_tap,Direct ADB,clock,54,0.019255,True
adb_input_tap,Direct ADB,clock,55,0.019528,True
adb_input_tap,Direct ADB,clock,56,0.020605,True
adb_input_tap,Direct ADB,clock,57,0.020628,True
adb_input_tap,Direct ADB,clock,58,0.019721,True
adb_input_tap,Direct ADB,clock,59,0.019773,True
adb_input_tap,Direct ADB,clock,60,0.01941,True
adb_input_tap,Direct ADB,clock,61,0.019773,True
adb_input_tap,Direct ADB,clock,62,0.01984,True
adb_input_tap,Direct ADB,clock,63,0.019887,True
adb_input_tap,Direct ADB,clock,64,0.019969,True
adb_input_tap,Direct ADB,clock,65,0.020125,True
adb_input_tap,Direct ADB,clock,66,0.019802,True
adb_input_tap,Direct ADB,clock,67,0.019493,True
adb_input_tap,Direct ADB,clock,68,0.01917,True
adb_input_tap,Direct ADB,clock,69,0.020245,True
adb_input_tap,Direct ADB,clock,70,0.01978,True
adb_input_tap,Direct ADB,clock,71,0.019713,True
adb_input_tap,Direct ADB,clock,72,0.019684,True
adb_input_tap,Direct ADB,clock,73,0.019656,True
adb_input_tap,Direct ADB,clock,74,0.020873,True
adb_input_tap,Direct ADB,clock,75,0.021022,True
adb_input_tap,Direct ADB,clock,76,0.020414,True
adb_input_tap,Direct ADB,clock,77,0.020108,True
adb_input_tap,Direct ADB,clock,78,0.019694,True
adb_input_tap,Direct ADB,clock,79,0.020684,True
adb_input_tap,Direct ADB,clock,80,0.020431,True
adb_input_tap,Direct ADB,clock,81,0.020293,True
adb_input_tap,Direct ADB,clock,82,0.020334,True
adb_input_tap,Direct ADB,clock,83,0.019747,True
adb_input_tap,Direct ADB,clock,84,0.021715,True
adb_input_tap,Direct ADB,clock,85,0.019188,True
adb_input_tap,Direct ADB,clock,86,0.019722,True
adb_input_tap,Direct ADB,clock,87,0.020258,True
adb_input_tap,Direct ADB,clock,88,0.019574,True
adb_input_tap,Direct ADB,clock,89,0.020378,True
adb_input_tap,Direct ADB,clock,90,0.020129,True
adb_input_tap,Direct ADB,clock,91,0.019971,True
adb_input_tap,Direct ADB,clock,92,0.019508,True
adb_input_tap,Direct ADB,clock,93,0.019245,True
adb_input_tap,Direct ADB,clock,94,0.020125,True
adb_input_tap,Direct ADB,clock,95,0.020042,True
adb_input_tap,Direct ADB,clock,96,0.019977,True
adb_input_tap,Direct ADB,clock,97,0.019694,True
adb_input_tap,Direct ADB,clock,98,0.019405,True
adb_input_tap,Direct ADB,clock,99,0.021736,True
grpc_step_adb_obs,gRPC Forwarder,home,0,7.33357,True
grpc_step_adb_obs,gRPC Forwarder,home,1,7.292731,True
grpc_step_adb_obs,gRPC Forwarder,home,2,6.280266,True
grpc_step_adb_obs,gRPC Forwarder,home,3,7.286666,True
grpc_step_adb_obs,gRPC Forwarder,home,4,6.281189,True
grpc_step_adb_obs,gRPC Forwarder,home,5,7.279862,True
grpc_step_adb_obs,gRPC Forwarder,home,6,8.322138,True
grpc_step_adb_obs,gRPC Forwarder,home,7,8.372951,True
grpc_step_adb_obs,gRPC Forwarder,home,8,6.274389,True
grpc_step_adb_obs,gRPC Forwarder,home,9,7.277268,True
grpc_step_adb_obs,gRPC Forwarder,home,10,6.278547,True
grpc_step_adb_obs,gRPC Forwarder,home,11,7.289956,True
grpc_step_adb_obs,gRPC Forwarder,home,12,6.318955,True
grpc_step_adb_obs,gRPC Forwarder,home,13,7.312325,True
grpc_step_adb_obs,gRPC Forwarder,home,14,5.742609,True
grpc_step_adb_obs,gRPC Forwarder,home,15,7.284526,True
grpc_step_adb_obs,gRPC Forwarder,home,16,7.347685,True
grpc_step_adb_obs,gRPC Forwarder,home,17,7.300625,True
grpc_step_adb_obs,gRPC Forwarder,home,18,6.281871,True
grpc_step_adb_obs,gRPC Forwarder,home,19,7.326334,True
grpc_step_adb_obs,gRPC Forwarder,home,20,7.352422,True
grpc_step_adb_obs,gRPC Forwarder,home,21,6.292535,True
grpc_step_adb_obs,gRPC Forwarder,home,22,7.289856,True
grpc_step_adb_obs,gRPC Forwarder,home,23,6.276032,True
grpc_step_adb_obs,gRPC Forwarder,home,24,8.434641,True
grpc_step_adb_obs,gRPC Forwarder,home,25,8.393223,True
grpc_step_adb_obs,gRPC Forwarder,home,26,7.294044,True
grpc_step_adb_obs,gRPC Forwarder,home,27,6.287123,True
grpc_step_adb_obs,gRPC Forwarder,home,28,7.303421,True
grpc_step_adb_obs,gRPC Forwarder,home,29,5.749174,True
grpc_step_adb_obs,gRPC Forwarder,settings_main,0,6.304589,True
grpc_step_adb_obs,gRPC Forwarder,settings_main,1,7.312296,True
grpc_step_adb_obs,gRPC Forwarder,settings_main,2,6.312659,True
grpc_step_adb_obs,gRPC Forwarder,settings_main,3,6.318126,True
grpc_step_adb_obs,gRPC Forwarder,settings_main,4,7.301008,True
grpc_step_adb_obs,gRPC Forwarder,settings_main,5,6.288315,True
grpc_step_adb_obs,gRPC Forwarder,settings_main,6,7.290198,True
grpc_step_adb_obs,gRPC Forwarder,settings_main,7,8.377476,True
grpc_step_adb_obs,gRPC Forwarder,settings_main,8,6.304128,True
grpc_step_adb_obs,gRPC Forwarder,settings_main,9,7.308604,True
grpc_step_adb_obs,gRPC Forwarder,settings_main,10,8.37506,True
grpc_step_adb_obs,gRPC Forwarder,settings_main,11,7.315395,True
grpc_step_adb_obs,gRPC Forwarder,settings_main,12,6.28604,True
grpc_step_adb_obs,gRPC Forwarder,settings_main,13,7.314329,True
grpc_step_adb_obs,gRPC Forwarder,settings_main,14,6.299851,True
grpc_step_adb_obs,gRPC Forwarder,settings_main,15,7.375159,True
grpc_step_adb_obs,gRPC Forwarder,settings_main,16,7.370859,True
grpc_step_adb_obs,gRPC Forwarder,settings_main,17,6.299979,True
grpc_step_adb_obs,gRPC Forwarder,settings_main,18,6.313614,True
grpc_step_adb_obs,gRPC Forwarder,settings_main,19,7.319493,True
grpc_step_adb_obs,gRPC Forwarder,settings_main,20,7.379129,True
grpc_step_adb_obs,gRPC Forwarder,settings_main,21,7.946363,True
grpc_step_adb_obs,gRPC Forwarder,settings_main,22,7.34164,True
grpc_step_adb_obs,gRPC Forwarder,settings_main,23,8.353,True
grpc_step_adb_obs,gRPC Forwarder,settings_main,24,6.29925,True
grpc_step_adb_obs,gRPC Forwarder,settings_main,25,6.336545,True
grpc_step_adb_obs,gRPC Forwarder,settings_main,26,6.763484,True
grpc_step_adb_obs,gRPC Forwarder,settings_main,27,7.285586,True
grpc_step_adb_obs,gRPC Forwarder,settings_main,28,6.29905,True
grpc_step_adb_obs,gRPC Forwarder,settings_main,29,7.300509,True
grpc_step_adb_obs,gRPC Forwarder,clock,0,6.279341,True
grpc_step_adb_obs,gRPC Forwarder,clock,1,7.336604,True
grpc_step_adb_obs,gRPC Forwarder,clock,2,7.289558,True
grpc_step_adb_obs,gRPC Forwarder,clock,3,7.3239,True
grpc_step_adb_obs,gRPC Forwarder,clock,4,6.265439,True
grpc_step_adb_obs,gRPC Forwarder,clock,5,7.295337,True
grpc_step_adb_obs,gRPC Forwarder,clock,6,8.334598,True
grpc_step_adb_obs,gRPC Forwarder,clock,7,7.303748,True
grpc_step_adb_obs,gRPC Forwarder,clock,8,7.277816,True
grpc_step_adb_obs,gRPC Forwarder,clock,9,6.305343,True
grpc_step_adb_obs,gRPC Forwarder,clock,10,7.318829,True
grpc_step_adb_obs,gRPC Forwarder,clock,11,7.303067,True
grpc_step_adb_obs,gRPC Forwarder,clock,12,8.34144,True
grpc_step_adb_obs,gRPC Forwarder,clock,13,6.320643,True
grpc_step_adb_obs,gRPC Forwarder,clock,14,8.3406,True
grpc_step_adb_obs,gRPC Forwarder,clock,15,7.300828,True
grpc_step_adb_obs,gRPC Forwarder,clock,16,6.288974,True
grpc_step_adb_obs,gRPC Forwarder,clock,17,7.294107,True
grpc_step_adb_obs,gRPC Forwarder,clock,18,6.306723,True
grpc_step_adb_obs,gRPC Forwarder,clock,19,7.309418,True
grpc_step_adb_obs,gRPC Forwarder,clock,20,7.302099,True
grpc_step_adb_obs,gRPC Forwarder,clock,21,6.308318,True
grpc_step_adb_obs,gRPC Forwarder,clock,22,8.328266,True
grpc_step_adb_obs,gRPC Forwarder,clock,23,7.29321,True
grpc_step_adb_obs,gRPC Forwarder,clock,24,7.293665,True
grpc_step_adb_obs,gRPC Forwarder,clock,25,7.285287,True
grpc_step_adb_obs,gRPC Forwarder,clock,26,7.329134,True
grpc_step_adb_obs,gRPC Forwarder,clock,27,6.297426,True
grpc_step_adb_obs,gRPC Forwarder,clock,28,6.309194,True
grpc_step_adb_obs,gRPC Forwarder,clock,29,6.310619,True
grpc_deep_health,gRPC Forwarder,home,0,4.600289,True
grpc_deep_health,gRPC Forwarder,home,1,5.141646,True
grpc_deep_health,gRPC Forwarder,home,2,4.608364,True
grpc_deep_health,gRPC Forwarder,home,3,5.159378,True
grpc_deep_health,gRPC Forwarder,home,4,5.14325,True
grpc_deep_health,gRPC Forwarder,home,5,5.6452,True
grpc_deep_health,gRPC Forwarder,home,6,5.144535,True
grpc_deep_health,gRPC Forwarder,home,7,5.204139,True
grpc_deep_health,gRPC Forwarder,home,8,4.601201,True
grpc_deep_health,gRPC Forwarder,home,9,5.141421,True
grpc_deep_health,gRPC Forwarder,home,10,5.143192,True
grpc_deep_health,gRPC Forwarder,home,11,5.162458,True
grpc_deep_health,gRPC Forwarder,home,12,5.144605,True
grpc_deep_health,gRPC Forwarder,home,13,4.616592,True
grpc_deep_health,gRPC Forwarder,home,14,5.147992,True
grpc_deep_health,gRPC Forwarder,home,15,5.161556,True
grpc_deep_health,gRPC Forwarder,home,16,4.603333,True
grpc_deep_health,gRPC Forwarder,home,17,5.168369,True
grpc_deep_health,gRPC Forwarder,home,18,5.163755,True
grpc_deep_health,gRPC Forwarder,home,19,5.113015,True
grpc_deep_health,gRPC Forwarder,home,20,5.146501,True
grpc_deep_health,gRPC Forwarder,home,21,4.616554,True
grpc_deep_health,gRPC Forwarder,home,22,5.229716,True
grpc_deep_health,gRPC Forwarder,home,23,4.618867,True
grpc_deep_health,gRPC Forwarder,home,24,6.210578,True
grpc_deep_health,gRPC Forwarder,home,25,5.144941,True
grpc_deep_health,gRPC Forwarder,home,26,5.145044,True
grpc_deep_health,gRPC Forwarder,home,27,5.168939,True
grpc_deep_health,gRPC Forwarder,home,28,5.15967,True
grpc_deep_health,gRPC Forwarder,home,29,3.604881,True
grpc_deep_health,gRPC Forwarder,settings_main,0,5.173543,True
grpc_deep_health,gRPC Forwarder,settings_main,1,5.149732,True
grpc_deep_health,gRPC Forwarder,settings_main,2,4.60768,True
grpc_deep_health,gRPC Forwarder,settings_main,3,4.610386,True
grpc_deep_health,gRPC Forwarder,settings_main,4,3.625607,True
grpc_deep_health,gRPC Forwarder,settings_main,5,6.190672,True
grpc_deep_health,gRPC Forwarder,settings_main,6,4.622883,True
grpc_deep_health,gRPC Forwarder,settings_main,7,6.209222,True
grpc_deep_health,gRPC Forwarder,settings_main,8,5.141002,True
grpc_deep_health,gRPC Forwarder,settings_main,9,4.603095,True
grpc_deep_health,gRPC Forwarder,settings_main,10,5.142706,True
grpc_deep_health,gRPC Forwarder,settings_main,11,5.13954,True
grpc_deep_health,gRPC Forwarder,settings_main,12,4.610553,True
grpc_deep_health,gRPC Forwarder,settings_main,13,5.144237,True
grpc_deep_health,gRPC Forwarder,settings_main,14,5.166184,True
grpc_deep_health,gRPC Forwarder,settings_main,15,4.141897,True
grpc_deep_health,gRPC Forwarder,settings_main,16,5.143424,True
grpc_deep_health,gRPC Forwarder,settings_main,17,4.606392,True
grpc_deep_health,gRPC Forwarder,settings_main,18,5.159182,True
grpc_deep_health,gRPC Forwarder,settings_main,19,6.196682,True
grpc_deep_health,gRPC Forwarder,settings_main,20,5.159208,True
grpc_deep_health,gRPC Forwarder,settings_main,21,5.147468,True
grpc_deep_health,gRPC Forwarder,settings_main,22,4.613082,True
grpc_deep_health,gRPC Forwarder,settings_main,23,4.606742,True
grpc_deep_health,gRPC Forwarder,settings_main,24,6.202506,True
grpc_deep_health,gRPC Forwarder,settings_main,25,5.140552,True
grpc_deep_health,gRPC Forwarder,settings_main,26,4.60312,True
grpc_deep_health,gRPC Forwarder,settings_main,27,5.157431,True
grpc_deep_health,gRPC Forwarder,settings_main,28,5.1466,True
grpc_deep_health,gRPC Forwarder,settings_main,29,4.145285,True
grpc_deep_health,gRPC Forwarder,clock,0,5.143915,True
grpc_deep_health,gRPC Forwarder,clock,1,4.605116,True
grpc_deep_health,gRPC Forwarder,clock,2,4.608363,True
grpc_deep_health,gRPC Forwarder,clock,3,5.168432,True
grpc_deep_health,gRPC Forwarder,clock,4,5.14341,True
grpc_deep_health,gRPC Forwarder,clock,5,6.184176,True
grpc_deep_health,gRPC Forwarder,clock,6,5.145907,True
grpc_deep_health,gRPC Forwarder,clock,7,6.140444,True
grpc_deep_health,gRPC Forwarder,clock,8,4.601343,True
grpc_deep_health,gRPC Forwarder,clock,9,5.143744,True
grpc_deep_health,gRPC Forwarder,clock,10,3.605365,True
grpc_deep_health,gRPC Forwarder,clock,11,4.144273,True
grpc_deep_health,gRPC Forwarder,clock,12,4.603586,True
grpc_deep_health,gRPC Forwarder,clock,13,5.140475,True
grpc_deep_health,gRPC Forwarder,clock,14,4.600282,True
grpc_deep_health,gRPC Forwarder,clock,15,5.144104,True
grpc_deep_health,gRPC Forwarder,clock,16,4.598641,True
grpc_deep_health,gRPC Forwarder,clock,17,5.16075,True
grpc_deep_health,gRPC Forwarder,clock,18,3.60366,True
grpc_deep_health,gRPC Forwarder,clock,19,4.611624,True
grpc_deep_health,gRPC Forwarder,clock,20,6.185643,True
grpc_deep_health,gRPC Forwarder,clock,21,4.60316,True
grpc_deep_health,gRPC Forwarder,clock,22,5.145612,True
grpc_deep_health,gRPC Forwarder,clock,23,3.613425,True
grpc_deep_health,gRPC Forwarder,clock,24,4.142975,True
grpc_deep_health,gRPC Forwarder,clock,25,5.648234,True
grpc_deep_health,gRPC Forwarder,clock,26,5.141396,True
grpc_deep_health,gRPC Forwarder,clock,27,3.601355,True
grpc_deep_health,gRPC Forwarder,clock,28,4.143686,True
grpc_deep_health,gRPC Forwarder,clock,29,5.140753,True
